"","Country","Year","Tipo","Total"
"1","Antigua and Barbuda","2015","Preliminar","14"
"2","Antigua and Barbuda","2016","Preliminar","103"
"3","Antigua and Barbuda","2017","Preliminar","1"
"4","Antigua and Barbuda","2018","Preliminar","8"
"5","Antigua and Barbuda","2019","Preliminar","1223"
"6","Antigua and Barbuda","2020","Preliminar","407"
"7","Antigua and Barbuda","2021","Preliminar","46"
"8","Antigua and Barbuda","2022","Preliminar","4"
"9","Argentina","1980","Final","0"
"10","Argentina","1981","Final","0"
"11","Argentina","1982","Final","0"
"12","Argentina","1983","Final","0"
"13","Argentina","1984","Final","0"
"14","Argentina","1985","Final","0"
"15","Argentina","1986","Final","0"
"16","Argentina","1987","Final","0"
"17","Argentina","1988","Final","0"
"18","Argentina","1989","Final","0"
"19","Argentina","1990","Final","0"
"20","Argentina","1991","Final","0"
"21","Argentina","1992","Final","0"
"22","Argentina","1993","Final","0"
"23","Argentina","1994","Final","0"
"24","Argentina","1995","Final","0"
"25","Argentina","1996","Final","0"
"26","Argentina","1997","Final","0"
"27","Argentina","1998","Final","822"
"28","Argentina","1999","Final","3"
"29","Argentina","2000","Final","1700"
"30","Argentina","2001","Final","11"
"31","Argentina","2002","Final","214"
"32","Argentina","2003","Final","135"
"33","Argentina","2004","Final","3284"
"34","Argentina","2005","Final","34"
"35","Argentina","2006","Final","181"
"36","Argentina","2007","Final","173"
"37","Argentina","2008","Final","40"
"38","Argentina","2009","Final","26606"
"39","Argentina","2010","Final","1185"
"40","Guatemala","1992","Final","1286"
"41","Guatemala","1993","Final","1907"
"42","Guatemala","1994","Final","2872"
"43","Guatemala","1995","Final","3979"
"44","Guatemala","1996","Final","3660"
"45","Guatemala","1997","Final","5379"
"46","Guatemala","1998","Final","4653"
"47","Guatemala","1999","Final","3615"
"48","Guatemala","2000","Final","8964"
"49","Guatemala","2001","Final","4512"
"50","Guatemala","2002","Final","7552"
"51","Guatemala","2003","Final","6728"
"52","Guatemala","2004","Final","6313"
"53","Guatemala","2005","Final","6309"
"54","Guatemala","2006","Final","2422"
"55","Guatemala","2007","Final","5865"
"56","Guatemala","2008","Final","3227"
"57","Guatemala","2009","Final","10200"
"58","Guatemala","2010","Final","16842"
"59","Guatemala","2011","Final","2553"
"60","Guatemala","2012","Final","9331"
"61","Guatemala","2013","Final","11703"
"62","Guatemala","2014","Preliminar","19797"
"63","Guatemala","2015","Preliminar","18058"
"64","Guatemala","2016","Preliminar","8844"
"65","Guatemala","2017","Preliminar","4214"
"66","Guatemala","2018","Final","6830"
"67","Guatemala","2019","Preliminar","50432"
"68","Guatemala","2020","Preliminar","5983"
"69","Guatemala","2021","Preliminar","2861"
"70","Guatemala","2022","Preliminar","8407"
"71","Guatemala","2023","Preliminar","862"
"72","Guyana","1980","Final","0"
"73","Guyana","1981","Final","0"
"74","Guyana","1982","Final","0"
"75","Guyana","1983","Final","0"
"76","Guyana","1984","Final","0"
"77","Guyana","1985","Final","0"
"78","Guyana","1986","Final","0"
"79","Guyana","1987","Final","0"
"80","Guyana","1988","Final","0"
"81","Saint Vincent and the Grenadines","1993","Final","7"
"82","Saint Vincent and the Grenadines","1994","Final","0"
"83","Saint Vincent and the Grenadines","1995","Final","224"
"84","Saint Vincent and the Grenadines","1996","Final","190"
"85","Saint Vincent and the Grenadines","1997","Final","3"
"86","Saint Vincent and the Grenadines","1998","Final","88"
"87","Saint Vincent and the Grenadines","1999","Final","8"
"88","Saint Vincent and the Grenadines","2000","Final","5"
"89","Saint Vincent and the Grenadines","2001","Final","3"
"90","Saint Vincent and the Grenadines","2002","Final","123"
"91","Saint Vincent and the Grenadines","2003","Final","3"
"92","Saint Vincent and the Grenadines","2004","Final","4"
"93","Saint Vincent and the Grenadines","2005","Final","8"
"94","Saint Vincent and the Grenadines","2006","Final","5"
"95","Saint Vincent and the Grenadines","2007","Final","2"
"96","Saint Vincent and the Grenadines","2008","Final","6"
"97","Saint Vincent and the Grenadines","2009","Final","10"
"98","Saint Vincent and the Grenadines","2010","Final","217"
"99","Saint Vincent and the Grenadines","2011","Final","47"
"100","Saint Vincent and the Grenadines","2012","Final","91"
"101","Saint Vincent and the Grenadines","2013","Final","127"
"102","Saint Vincent and the Grenadines","2014","Preliminar","117"
"103","Saint Vincent and the Grenadines","2015","Preliminar","13"
"104","Saint Vincent and the Grenadines","2016","Preliminar","89"
"105","Saint Vincent and the Grenadines","2017","Preliminar","3"
"106","Saint Vincent and the Grenadines","2018","Preliminar","4"
"107","Saint Vincent and the Grenadines","2019","Preliminar","11"
"108","Saint Vincent and the Grenadines","2020","IBS20-21","1603"
"109","Argentina","2011","Final","213"
"110","Argentina","2012","Final","2803"
"111","Argentina","2013","Final","9294"
"112","Argentina","2014","Final","3270"
"113","Argentina","2015","Preliminar","4774"
"114","Argentina","2016","Final","79455"
"115","Argentina","2017","Preliminar","557"
"116","Argentina","2018","Preliminar","1829"
"117","Argentina","2019","Preliminar","3220"
"118","Argentina","2020","Preliminar","59358"
"119","Argentina","2021","Preliminar","3972"
"120","Argentina","2022","Preliminar","750"
"121","Argentina","2023","Preliminar","8504"
"122","Bahamas","1980","Final","0"
"123","Bahamas","1981","Final","0"
"124","Bahamas","1982","Final","0"
"125","Bahamas","1983","Final","0"
"126","Bahamas","1984","Final","0"
"127","Bahamas","1985","Final","0"
"128","Bahamas","1986","Final","0"
"129","Bahamas","1987","Final","0"
"130","Bahamas","1988","Final","0"
"131","Bahamas","1989","Final","87"
"132","Bahamas","1990","Final","2"
"133","Bahamas","1991","Final","0"
"134","Bahamas","1992","Final","0"
"135","Bahamas","1993","Final","0"
"136","Bahamas","1994","Final","0"
"137","Bahamas","1995","Final","1"
"138","Bahamas","1996","Final","0"
"139","Bahamas","1997","Final","0"
"140","Bahamas","1998","Final","336"
"141","Bahamas","1999","Final","0"
"142","Bahamas","2000","Final","0"
"143","Bahamas","2001","Final","0"
"144","Bahamas","2002","Final","0"
"145","Bahamas","2003","Final","180"
"146","Bahamas","2004","Final","1"
"147","Bahamas","2005","Final","0"
"148","Bahamas","2006","Final","1"
"149","Bahamas","2007","Final","0"
"150","Bahamas","2008","Final","1"
"151","Guyana","1989","Final","0"
"152","Guyana","1990","Final","0"
"153","Guyana","1991","Final","0"
"154","Guyana","1992","Final","0"
"155","Guyana","1993","Final","0"
"156","Guyana","1994","Final","0"
"157","Guyana","1995","Final","0"
"158","Guyana","1996","Final","0"
"159","Guyana","1997","Final","0"
"160","Guyana","1998","Final","42"
"161","Guyana","1999","Final","0"
"162","Guyana","2000","Final","19"
"163","Guyana","2001","Final","60"
"164","Guyana","2002","Final","200"
"165","Guyana","2003","Final","33"
"166","Guyana","2004","Final","47"
"167","Guyana","2005","Final","178"
"168","Guyana","2006","Final","118"
"169","Guyana","2007","Final","200"
"170","Guyana","2008","Final","324"
"171","Guyana","2009","Final","993"
"172","Guyana","2010","Final","1467"
"173","Guyana","2011","Final","1093"
"174","Guyana","2012","Final","2189"
"175","Guyana","2013","Final","1120"
"176","Guyana","2014","Preliminar","863"
"177","Guyana","2015","Preliminar","388"
"178","Guyana","2016","Preliminar","303"
"179","Guyana","2017","Preliminar","4"
"180","Guyana","2018","Preliminar","286"
"181","Guyana","2019","Preliminar","230"
"182","Guyana","2020","Preliminar","1724"
"183","Guyana","2021","Preliminar","4380"
"184","Guyana","2022","Preliminar","382"
"185","Guyana","2023","Preliminar","5"
"186","Haiti","1980","Final","255"
"187","Haiti","1981","Final","44"
"188","Haiti","1982","Final","211"
"189","Haiti","1983","Final","483"
"190","Haiti","1984","Final","328"
"191","Haiti","1985","Final","20"
"192","Haiti","1986","Final","0"
"193","Haiti","1987","Final","0"
"194","Haiti","1988","Final","0"
"195","Saint Vincent and the Grenadines","2021","IBS20-21","152"
"196","Saint Vincent and the Grenadines","2022","Preliminar","16"
"197","Saint Vincent and the Grenadines","2023","Preliminar","0"
"198","Suriname","1980","Final","0"
"199","Suriname","1981","Final","0"
"200","Suriname","1982","Final","219"
"201","Suriname","1983","Final","0"
"202","Suriname","1984","Final","0"
"203","Suriname","1985","Final","0"
"204","Suriname","1986","Final","0"
"205","Suriname","1987","Final","0"
"206","Suriname","1988","Final","0"
"207","Suriname","1989","Final","0"
"208","Suriname","1990","Final","0"
"209","Suriname","1991","Final","0"
"210","Suriname","1992","Final","0"
"211","Suriname","1993","Final","0"
"212","Suriname","1994","Final","0"
"213","Suriname","1995","Final","344"
"214","Suriname","1996","Final","677"
"215","Suriname","1997","Final","90"
"216","Suriname","1998","Final","1140"
"217","Suriname","1999","Final","695"
"218","Suriname","2000","Final","1069"
"219","Suriname","2001","Final","748"
"220","Suriname","2002","Final","1081"
"221","Suriname","2003","Final","284"
"222","Suriname","2004","Final","368"
"223","Suriname","2005","Final","2712"
"224","Suriname","2006","Final","253"
"225","Suriname","2007","Final","41"
"226","Suriname","2008","Final","12"
"227","Suriname","2009","Final","120"
"228","Suriname","2010","Final","93"
"229","Suriname","2011","Final","386"
"230","Suriname","2012","Final","781"
"231","Suriname","2013","Final","21"
"232","Suriname","2014","Preliminar","23"
"233","Suriname","2015","Preliminar","15"
"234","Suriname","2016","Preliminar","6"
"235","Bahamas","2009","Final","1"
"236","Bahamas","2010","Final","10"
"237","Bahamas","2011","Final","6997"
"238","Bahamas","2012","Final","3"
"239","Bahamas","2013","Final","3"
"240","Bahamas","2014","Preliminar","146"
"241","Bahamas","2015","Preliminar","10"
"242","Bahamas","2016","Preliminar","82"
"243","Bahamas","2017","Preliminar","14"
"244","Bahamas","2018","Preliminar","10"
"245","Bahamas","2019","Preliminar","27"
"246","Bahamas","2020","Preliminar","3"
"247","Barbados","1980","Final","0"
"248","Barbados","1981","Final","6"
"249","Barbados","1982","Final","99"
"250","Barbados","1983","Final","63"
"251","Barbados","1984","Final","63"
"252","Barbados","1985","Final","0"
"253","Barbados","1986","Final","0"
"254","Barbados","1987","Final","78"
"255","Barbados","1988","Final","10"
"256","Barbados","1989","Final","45"
"257","Barbados","1990","Final","236"
"258","Barbados","1991","Final","21"
"259","Barbados","1992","Final","4"
"260","Barbados","1993","Final","1"
"261","Barbados","1994","Final","0"
"262","Barbados","1995","Final","974"
"263","Barbados","1996","Final","130"
"264","Barbados","1997","Final","196"
"265","Barbados","1998","Final","852"
"266","Barbados","1999","Final","688"
"267","Barbados","2000","Final","744"
"268","Barbados","2001","Final","1029"
"269","Barbados","2002","Final","740"
"270","Barbados","2003","Final","557"
"271","Barbados","2004","Final","349"
"272","Barbados","2005","Final","320"
"273","Barbados","2006","Final","1"
"274","Barbados","2007","Final","0"
"275","Barbados","2008","Final","1"
"276","Barbados","2009","Final","55"
"277","Barbados","2010","Final","2966"
"278","Barbados","2011","Final","739"
"279","Barbados","2012","Final","912"
"280","Barbados","2013","Final","2848"
"281","Barbados","2014","Final","2689"
"282","Barbados","2015","Final","503"
"283","Barbados","2016","Final","1732"
"284","Barbados","2017","Final","597"
"285","Barbados","2018","Final","67"
"286","Barbados","2019","Final","117"
"287","Barbados","2020","Preliminar","1352"
"288","Barbados","2021","Final","448"
"289","Barbados","2022","Preliminar","325"
"290","Bermuda","1980","Final","0"
"291","Bermuda","1981","Final","0"
"292","Bermuda","1982","Final","0"
"293","Bermuda","1983","Final","0"
"294","Bermuda","1984","Final","0"
"295","Bermuda","1985","Final","0"
"296","Bermuda","1986","Final","0"
"297","Bermuda","1987","Final","0"
"298","Bermuda","1988","Final","0"
"299","Bermuda","1989","Final","0"
"300","Bermuda","1990","Final","0"
"301","Bermuda","1991","Final","0"
"302","Bermuda","1992","Final","0"
"303","Bermuda","1993","Final","0"
"304","Bermuda","1994","Final","0"
"305","Bermuda","1995","Final","0"
"306","Bermuda","1996","Final","0"
"307","Bermuda","1997","Final","0"
"308","Bermuda","1998","Final","0"
"309","Bermuda","1999","Final","3"
"310","Bermuda","2000","Final","0"
"311","Bermuda","2001","Final","0"
"312","Bermuda","2002","Final","0"
"313","Bermuda","2003","Final","0"
"314","Bermuda","2004","Final","0"
"315","Bermuda","2005","Final","2"
"316","Bermuda","2006","Final","2"
"317","Bermuda","2007","Final","0"
"318","Bermuda","2008","Final","0"
"319","Bermuda","2009","Final","0"
"320","Haiti","1989","Final","0"
"321","Haiti","1990","Final","0"
"322","Haiti","1991","Final","0"
"323","Haiti","1992","Final","0"
"324","Haiti","1993","Final","0"
"325","Haiti","1994","Final","0"
"326","Haiti","1995","Final","0"
"327","Haiti","1996","Final","0"
"328","Haiti","1997","Final","0"
"329","Haiti","1998","Final","0"
"330","Haiti","1999","Final","0"
"331","Haiti","2000","Final","0"
"332","Haiti","2001","Final","0"
"333","Haiti","2002","Final","0"
"334","Haiti","2003","Final","0"
"335","Haiti","2004","Final","0"
"336","Haiti","2005","Final","0"
"337","Haiti","2006","Final",""
"338","Haiti","2007","Final",""
"339","Haiti","2008","Final",""
"340","Haiti","2009","Final",""
"341","Haiti","2010","Final",""
"342","Haiti","2011","Final",""
"343","Haiti","2012","Final","240"
"344","Haiti","2013","Final","0"
"345","Haiti","2015","Preliminar","130"
"346","Haiti","2018","Preliminar","90"
"347","Haiti","2019","Preliminar","93"
"348","Haiti","2020","Preliminar","1783"
"349","Haiti","2021","Preliminar","6298"
"350","Haiti","2022","Preliminar","3316"
"351","Honduras","1980","Final","2078"
"352","Honduras","1981","Final","1612"
"353","Honduras","1982","Final","1217"
"354","Honduras","1983","Final","729"
"355","Honduras","1984","Final","378"
"356","Honduras","1985","Final","307"
"357","Honduras","1986","Final","569"
"358","Honduras","1987","Final","261"
"359","Honduras","1988","Final","844"
"360","Honduras","1989","Final","2507"
"361","Honduras","1990","Final","1700"
"362","Honduras","1991","Final","5303"
"363","Honduras","1992","Final","2114"
"364","Suriname","2017","Preliminar","1"
"365","Suriname","2018","final","123"
"366","Suriname","2019","Preliminar","86"
"367","Suriname","2020","Preliminar","563"
"368","Suriname","2021","Preliminar","10"
"369","Suriname","2022","Preliminar","17"
"370","Suriname","2023","Preliminar","31"
"371","Trinidad and Tobago","1980","Final","0"
"372","Trinidad and Tobago","1981","Final","14"
"373","Trinidad and Tobago","1982","Final","16"
"374","Trinidad and Tobago","1983","Final","118"
"375","Trinidad and Tobago","1984","Final","31"
"376","Trinidad and Tobago","1985","Final","7"
"377","Trinidad and Tobago","1986","Final","145"
"378","Trinidad and Tobago","1987","Final","125"
"379","Trinidad and Tobago","1988","Final","80"
"380","Trinidad and Tobago","1989","Final","11"
"381","Trinidad and Tobago","1990","Final","526"
"382","Trinidad and Tobago","1991","Final","36"
"383","Trinidad and Tobago","1992","Final","116"
"384","Trinidad and Tobago","1993","Final","38"
"385","Trinidad and Tobago","1994","Final","0"
"386","Trinidad and Tobago","1995","Final","4295"
"387","Trinidad and Tobago","1996","Final","3983"
"388","Trinidad and Tobago","1997","Final","745"
"389","Trinidad and Tobago","1998","Final","2984"
"390","Trinidad and Tobago","1999","Final","1200"
"391","Trinidad and Tobago","2000","Final","2017"
"392","Trinidad and Tobago","2001","Final","2158"
"393","Trinidad and Tobago","2002","Final","5973"
"394","Trinidad and Tobago","2003","Final","2209"
"395","Trinidad and Tobago","2004","Final","497"
"396","Trinidad and Tobago","2005","Final","411"
"397","Trinidad and Tobago","2006","Final","36"
"398","Trinidad and Tobago","2007","Final","47"
"399","Trinidad and Tobago","2008","Final","2358"
"400","Trinidad and Tobago","2009","Final","24"
"401","Trinidad and Tobago","2010","Final","4737"
"402","Trinidad and Tobago","2011","Final","1242"
"403","Trinidad and Tobago","2012","Final","0"
"404","Trinidad and Tobago","2013","Final","0"
"405","Trinidad and Tobago","2014","Preliminar","148"
"406","Trinidad and Tobago","2015","Preliminar","1687"
"407","Trinidad and Tobago","2016","Preliminar","1801"
"408","Trinidad and Tobago","2017","Preliminar","300"
"409","Trinidad and Tobago","2018","Preliminar","123"
"410","Trinidad and Tobago","2019","Preliminar","416"
"411","Trinidad and Tobago","2020","Preliminar","59"
"412","Trinidad and Tobago","2021","Preliminar","20"
"413","Trinidad and Tobago","2022","Preliminar","52"
"414","Turks and Caicos Islands","1980","Final","0"
"415","Turks and Caicos Islands","1981","Final","0"
"416","Turks and Caicos Islands","1982","Final","0"
"417","Turks and Caicos Islands","1983","Final","0"
"418","Turks and Caicos Islands","1984","Final","0"
"419","Turks and Caicos Islands","1985","Final","0"
"420","Turks and Caicos Islands","1986","Final","0"
"421","Turks and Caicos Islands","1987","Final","0"
"422","Turks and Caicos Islands","1988","Final","0"
"423","Turks and Caicos Islands","1989","Final","0"
"424","Turks and Caicos Islands","1990","Final","0"
"425","Turks and Caicos Islands","1991","Final","0"
"426","Turks and Caicos Islands","1992","Final","0"
"427","Turks and Caicos Islands","1993","Final","0"
"428","Turks and Caicos Islands","1994","Final","0"
"429","Turks and Caicos Islands","1995","Final","0"
"430","Turks and Caicos Islands","1996","Final","0"
"431","Turks and Caicos Islands","1997","Final","0"
"432","Turks and Caicos Islands","1998","Final","0"
"433","Honduras","1993","Final","2847"
"434","Honduras","1994","Final","3055"
"435","Honduras","1995","Final","27560"
"436","Honduras","1996","Final","5047"
"437","Honduras","1997","Final","11861"
"438","Honduras","1998","Final","22200"
"439","Honduras","1999","Final","17766"
"440","Honduras","2000","Final","13328"
"441","Honduras","2001","Final","8646"
"442","Honduras","2002","Final","31406"
"443","Honduras","2003","Final","16101"
"444","Honduras","2004","Final","17626"
"445","Honduras","2005","Final","17048"
"446","Honduras","2006","Final","7800"
"447","Honduras","2007","Final","29328"
"448","Honduras","2008","Final","16460"
"449","Honduras","2009","Final","14528"
"450","Honduras","2010","Final","63546"
"451","Honduras","2011","Final","7412"
"452","Honduras","2012","Final","15554"
"453","Honduras","2013","Final","39201"
"454","Honduras","2014","Preliminar","42753"
"455","Honduras","2015","Preliminar","44834"
"456","Honduras","2016","Preliminar","22961"
"457","Honduras","2017","Preliminar","5217"
"458","Honduras","2018","Preliminar","7942"
"459","Honduras","2019","Preliminar","132143"
"460","Honduras","2020","Preliminar","25180"
"461","Honduras","2021","Preliminar","19753"
"462","Honduras","2022","Preliminar","25337"
"463","Honduras","2023","Preliminar","1992"
"464","Jamaica","1980","Final","9"
"465","Jamaica","1981","Final","47"
"466","Jamaica","1982","Final","21"
"467","Jamaica","1983","Final","26"
"468","Jamaica","1984","Final","12"
"469","Jamaica","1985","Final","3"
"470","Jamaica","1986","Final","3"
"471","Jamaica","1987","Final","3"
"472","Jamaica","1988","Final","6"
"473","Jamaica","1989","Final","32"
"474","Jamaica","1990","Final","9"
"475","Bermuda","2010","Final","2"
"476","Bermuda","2011","Final","1"
"477","Bermuda","2012","Final","0"
"478","Bermuda","2013","Final","1"
"479","Bermuda","2014","Preliminar","1"
"480","Bermuda","2015","Preliminar","0"
"481","Bermuda","2016","Preliminar","2"
"482","Bermuda","2017","Preliminar","0"
"483","Bermuda","2018","Preliminar","0"
"484","Bermuda","2019","Preliminar","2"
"485","Bermuda","2020","Preliminar","0"
"486","Bermuda","2021","Preliminar","0"
"487","Bermuda","2022","Preliminar","0"
"488","Bermuda","2023","Preliminar","0"
"489","Bolivia","1980","Final","0"
"490","Bolivia","1981","Final","0"
"491","Bolivia","1982","Final","0"
"492","Bolivia","1983","Final","0"
"493","Bolivia","1984","Final","0"
"494","Bolivia","1985","Final","0"
"495","Bolivia","1986","Final","0"
"496","Bolivia","1987","Final","1994"
"497","Bolivia","1988","Final","4847"
"498","Bolivia","1989","Final","5334"
"499","Bolivia","1990","Final","40642"
"500","Bolivia","1991","Final","97397"
"501","Bolivia","1992","Final","3501"
"502","Bolivia","1993","Final","6915"
"503","Bolivia","1994","Final","54453"
"504","Bolivia","1995","Final","7"
"505","Bolivia","1996","Final","52"
"506","Bolivia","1997","Final","539"
"507","Bolivia","1998","Final","49"
"508","Bolivia","1999","Final","43"
"509","Bolivia","2000","Final","73"
"510","Bolivia","2001","Final","176"
"511","Bolivia","2002","Final","891"
"512","Bolivia","2003","Final","6501"
"513","Bolivia","2004","Final","7365"
"514","Bolivia","2005","Final","4433"
"515","Bolivia","2006","Final","2039"
"516","Bolivia","2007","Final","7223"
"517","Jamaica","1991","Final","5"
"518","Jamaica","1992","Final","296"
"519","Jamaica","1993","Final","0"
"520","Jamaica","1994","Final","0"
"521","Jamaica","1995","Final","1776"
"522","Jamaica","1996","Final","46"
"523","Jamaica","1997","Final","16"
"524","Jamaica","1998","Final","1509"
"525","Jamaica","1999","Final","24"
"526","Jamaica","2000","Final","25"
"527","Jamaica","2001","Final","39"
"528","Jamaica","2002","Final","90"
"529","Jamaica","2003","Final","52"
"530","Jamaica","2004","Final","9"
"531","Jamaica","2005","Final","46"
"532","Jamaica","2006","Final","79"
"533","Jamaica","2007","Final","1448"
"534","Jamaica","2008","Final","357"
"535","Jamaica","2009","Final","70"
"536","Jamaica","2010","Final","2887"
"537","Jamaica","2011","Final","404"
"538","Jamaica","2012","Final","4670"
"539","Jamaica","2013","Final","861"
"540","Jamaica","2014","Preliminar","880"
"541","Jamaica","2015","Preliminar","88"
"542","Jamaica","2016","Final","2297"
"543","Jamaica","2017","Final","215"
"544","Jamaica","2018","Preliminar","986"
"545","Jamaica","2019","Preliminar","7555"
"546","Jamaica","2020","Preliminar","898"
"547","Jamaica","2021","Preliminar","96"
"548","Jamaica","2022","Preliminar","100"
"549","Jamaica","2023","Preliminar","16"
"550","Martinique","1980","Final","0"
"551","Martinique","1981","Final","0"
"552","Martinique","1982","Final","0"
"553","Martinique","1983","Final","0"
"554","Martinique","1984","Final","0"
"555","Martinique","1985","Final","0"
"556","Martinique","1986","Final","0"
"557","Martinique","1987","Final","0"
"558","Martinique","1988","Final","97"
"559","Turks and Caicos Islands","1999","Final","0"
"560","Turks and Caicos Islands","2000","Final","0"
"561","Turks and Caicos Islands","2001","Final","0"
"562","Turks and Caicos Islands","2002","Final","0"
"563","Turks and Caicos Islands","2003","Final","2"
"564","Turks and Caicos Islands","2004","Final","1"
"565","Turks and Caicos Islands","2005","Final","1"
"566","Turks and Caicos Islands","2006","Final","0"
"567","Turks and Caicos Islands","2007","Final","0"
"568","Turks and Caicos Islands","2008","Final","0"
"569","Turks and Caicos Islands","2009","Final","0"
"570","Turks and Caicos Islands","2010","Final","0"
"571","Turks and Caicos Islands","2011","Final","24"
"572","Turks and Caicos Islands","2012","Final","14"
"573","Turks and Caicos Islands","2013","Final","5"
"574","Turks and Caicos Islands","2014","Preliminar","252"
"575","Turks and Caicos Islands","2015","Preliminar","331"
"576","Turks and Caicos Islands","2016","Preliminar","484"
"577","Turks and Caicos Islands","2017","Preliminar","210"
"578","Turks and Caicos Islands","2018","Preliminar","2"
"579","Turks and Caicos Islands","2019","Preliminar","19"
"580","Turks and Caicos Islands","2020","Preliminar","142"
"581","Turks and Caicos Islands","2021","Preliminar","4"
"582","Turks and Caicos Islands","2022","Preliminar","3"
"583","Turks and Caicos Islands","2023","Preliminar","0"
"584","United States of America","1980","Final","63"
"585","United States of America","1981","Final","0"
"586","United States of America","1982","Final","0"
"587","United States of America","1983","Final","0"
"588","United States of America","1984","Final","0"
"589","United States of America","1985","Final","0"
"590","United States of America","1986","Final","14"
"591","Bolivia","2008","Final","3178"
"592","Bolivia","2009","Final","83849"
"593","Bolivia","2010","Final","9918"
"594","Bolivia","2011","Final","26633"
"595","Bolivia","2012","Final","51694"
"596","Bolivia","2013","Final","13050"
"597","Bolivia","2014","Final","22625"
"598","Bolivia","2015","Final","27099"
"599","Bolivia","2016","Final","32386"
"600","Bolivia","2017","Final","9239"
"601","Bolivia","2018","Final","7727"
"602","Bolivia","2019","Preliminar","19987"
"603","Bolivia","2020","Preliminar","111347"
"604","Bolivia","2021","Preliminar","8947"
"605","Bolivia","2022","Preliminar","16544"
"606","Bolivia","2023","Preliminar","65411"
"607","Brazil","1980","Final","0"
"608","Brazil","1981","Final","0"
"609","Brazil","1982","Final","12000"
"610","Brazil","1983","Final","0"
"611","Brazil","1984","Final","0"
"612","Brazil","1985","Final","0"
"613","Brazil","1986","Final","47367"
"614","Brazil","1987","Final","89393"
"615","Brazil","1988","Final","190"
"616","Brazil","1989","Final","5334"
"617","Brazil","1990","Final","40642"
"618","Brazil","1991","Final","97209"
"619","Brazil","1992","Final","3501"
"620","Brazil","1993","Final","6915"
"621","Brazil","1994","Final","54453"
"622","Brazil","1995","Final","124775"
"623","Brazil","1996","Final","175749"
"624","Brazil","1997","Final","254074"
"625","Brazil","1998","Final","535283"
"626","Brazil","1999","Final","204131"
"627","Brazil","2000","Final","231412"
"628","Brazil","2001","Final","412388"
"629","Brazil","2002","Final","778037"
"630","Brazil","2003","Final","341189"
"631","Brazil","2004","Final","112851"
"632","Brazil","2005","Final","203356"
"633","Brazil","2006","Final","345922"
"634","Martinique","1989","Final","16"
"635","Martinique","1990","Final","4"
"636","Martinique","1991","Final","0"
"637","Martinique","1992","Final","38"
"638","Martinique","1993","Final","0"
"639","Martinique","1994","Final","0"
"640","Martinique","1995","Final","516"
"641","Martinique","1996","Final","416"
"642","Martinique","1997","Final","235"
"643","Martinique","1998","Final","44"
"644","Martinique","1999","Final","268"
"645","Martinique","2000","Final","171"
"646","Martinique","2001","Final","4468"
"647","Martinique","2002","Final","392"
"648","Martinique","2003","Final","791"
"649","Martinique","2004","Final","0"
"650","Martinique","2005","Final","6080"
"651","Martinique","2006","Final","4085"
"652","Martinique","2007","Final","4918"
"653","Martinique","2008","Final","586"
"654","Martinique","2009","Final","1377"
"655","Martinique","2010","Final","36579"
"656","Martinique","2011","Final","275"
"657","Martinique","2012","Final","1511"
"658","Martinique","2013","Final","7040"
"659","Martinique","2014","Preliminar","1680"
"660","Martinique","2015","Preliminar","207"
"661","Martinique","2016","Preliminar","158"
"662","Martinique","2017","Preliminar","113"
"663","Martinique","2018","Preliminar","73"
"664","Martinique","2019","Preliminar","1530"
"665","Martinique","2020","Preliminar","32398"
"666","Martinique","2021","Preliminar","1073"
"667","Martinique","2022","Preliminar","360"
"668","Martinique","2023","Preliminar","315"
"669","Mexico","1980","Final","51046"
"670","Mexico","1981","Final","17046"
"671","Mexico","1982","Final","32640"
"672","Mexico","1983","Final","19028"
"673","Mexico","1984","Final","27637"
"674","Mexico","1985","Final","13688"
"675","United States of America","1987","Final","0"
"676","United States of America","1988","Final","0"
"677","United States of America","1989","Final","0"
"678","United States of America","1990","Final","0"
"679","United States of America","1991","Final","0"
"680","United States of America","1992","Final","0"
"681","United States of America","1993","Final","0"
"682","United States of America","1994","Final","0"
"683","United States of America","1995","Final","7"
"684","United States of America","1996","Final","0"
"685","United States of America","1997","Final","0"
"686","United States of America","1998","Final","0"
"687","United States of America","1999","Final","0"
"688","United States of America","2000","Final","0"
"689","United States of America","2001","Final","96"
"690","United States of America","2002","Final","29"
"691","United States of America","2003","Final","40"
"692","United States of America","2004","Final","0"
"693","United States of America","2005","Final","0"
"694","United States of America","2006","Final","143"
"695","United States of America","2007","Final","488"
"696","United States of America","2008","Final","0"
"697","United States of America","2009","Final","3"
"698","United States of America","2010","Final","65"
"699","United States of America","2011","Final","7"
"700","United States of America","2012","Final","186"
"701","United States of America","2013","Final","543"
"702","United States of America","2014","Final","668"
"703","United States of America","2015","Final","945"
"704","United States of America","2016","Final","990"
"705","United States of America","2017","Final","453"
"706","Brazil","2007","Final","558413"
"707","Brazil","2008","Final","724427"
"708","Brazil","2009","Final","520660"
"709","Brazil","2010","Final","994158"
"710","Brazil","2011","Final","753487"
"711","Brazil","2012","Final","597450"
"712","Brazil","2013","Final","1473645"
"713","Brazil","2014","Preliminar","591080"
"714","Brazil","2015","final","1649008"
"715","Brazil","2016","Final","2220482"
"716","Brazil","2017","Final","505239"
"717","Brazil","2018","Final","462326"
"718","Brazil","2019","Preliminar","2248570"
"719","Brazil","2020","Preliminar","1467142"
"720","Brazil","2021","Preliminar","975474"
"721","Brazil","2022","Preliminar","2363490"
"722","Brazil","2023","Preliminar","240482"
"723","Belize","1980","Final","4"
"724","Belize","1981","Final","9"
"725","Belize","1982","Final","482"
"726","Belize","1983","Final","26"
"727","Belize","1984","Final","137"
"728","Belize","1985","Final","0"
"729","Belize","1986","Final","1"
"730","Belize","1987","Final","0"
"731","Belize","1988","Final","0"
"732","Belize","1989","Final","0"
"733","Belize","1990","Final","2"
"734","Belize","1991","Final","0"
"735","Belize","1992","Final","0"
"736","Belize","1993","Final","0"
"737","Belize","1994","Final","0"
"738","Belize","1995","Final","107"
"739","Belize","1996","Final","0"
"740","Belize","1997","Final","141"
"741","Belize","1998","Final","7"
"742","Belize","1999","Final","3"
"743","Belize","2000","Final","4"
"744","Belize","2001","Final","3"
"745","Belize","2002","Final","41"
"746","Belize","2003","Final","0"
"747","Belize","2004","Final","2"
"748","Belize","2005","Final","380"
"749","Belize","2006","Final","9"
"750","Mexico","1986","Final","19520"
"751","Mexico","1987","Final","13371"
"752","Mexico","1988","Final","10526"
"753","Mexico","1989","Final","7116"
"754","Mexico","1990","Final","14485"
"755","Mexico","1991","Final","5863"
"756","Mexico","1992","Final","11348"
"757","Mexico","1993","Final","2899"
"758","Mexico","1994","Final","6770"
"759","Mexico","1995","Final","36029"
"760","Mexico","1996","Final","35082"
"761","Mexico","1997","Final","52561"
"762","Mexico","1998","Final","23267"
"763","Mexico","1999","Final","14655"
"764","Mexico","2000","Final","21665"
"765","Mexico","2001","Final","6019"
"766","Mexico","2002","Final","8415"
"767","Mexico","2003","Final","3599"
"768","Mexico","2004","Final","6243"
"769","Mexico","2005","Final","12607"
"770","Mexico","2006","Final","22810"
"771","Mexico","2007","Final","40539"
"772","Mexico","2008","Final","25040"
"773","Mexico","2009","Final","238389"
"774","Mexico","2010","Final","51635"
"775","Mexico","2011","Final","63628"
"776","Mexico","2012","Final","165749"
"777","Mexico","2013","Final","231498"
"778","Mexico","2014","Preliminar","124943"
"779","Mexico","2015","Preliminar","219593"
"780","Mexico","2016","Final","130069"
"781","Mexico","2017","Preliminar","89893"
"782","Mexico","2018","Preliminar","78621"
"783","Mexico","2019","Preliminar","268458"
"784","Mexico","2020","Preliminar","120639"
"785","Mexico","2021","Preliminar","36742"
"786","Mexico","2022","Preliminar","59918"
"787","Mexico","2023","Preliminar","8365"
"788","Montserrat","1980","Final","0"
"789","Montserrat","1981","Final","0"
"790","Montserrat","1982","Final","0"
"791","Montserrat","1983","Final","0"
"792","Montserrat","1984","Final","0"
"793","United States of America","2018","Preliminar","331"
"794","United States of America","2019","Preliminar","1158"
"795","United States of America","2020","Preliminar","307"
"796","United States of America","2021","Preliminar","114"
"797","United States of America","2022","Preliminar","1156"
"798","United States of America","2023","Preliminar","76"
"799","Virgin Islands (US)","1980","Final","0"
"800","Virgin Islands (US)","1981","Final","127"
"801","Virgin Islands (US)","1982","Final","2"
"802","Virgin Islands (US)","1983","Final","1"
"803","Virgin Islands (US)","1984","Final","73"
"804","Virgin Islands (US)","1985","Final","43"
"805","Virgin Islands (US)","1986","Final","74"
"806","Virgin Islands (US)","1987","Final","77"
"807","Virgin Islands (US)","1988","Final","380"
"808","Virgin Islands (US)","1989","Final","275"
"809","Virgin Islands (US)","1990","Final","339"
"810","Virgin Islands (US)","1991","Final","62"
"811","Virgin Islands (US)","1992","Final","48"
"812","Virgin Islands (US)","1993","Final","0"
"813","Virgin Islands (US)","1994","Final","0"
"814","Virgin Islands (US)","1995","Final","0"
"815","Virgin Islands (US)","1996","Final","0"
"816","Virgin Islands (US)","1997","Final","0"
"817","Virgin Islands (US)","1998","Final","0"
"818","Virgin Islands (US)","1999","Final","0"
"819","Virgin Islands (US)","2000","Final","0"
"820","Virgin Islands (US)","2001","Final","0"
"821","Virgin Islands (US)","2002","Final","0"
"822","Virgin Islands (US)","2003","Final","0"
"823","Virgin Islands (US)","2004","Final","0"
"824","Virgin Islands (US)","2005","Final","0"
"825","Virgin Islands (US)","2006","Final","0"
"826","Belize","2007","Final","40"
"827","Belize","2008","Final","23"
"828","Belize","2009","Final","1370"
"829","Belize","2010","Final","1885"
"830","Belize","2011","Final","466"
"831","Belize","2012","Final","1421"
"832","Belize","2013","Final","2690"
"833","Belize","2014","Final","2633"
"834","Belize","2015","Final","2381"
"835","Belize","2016","Final","2659"
"836","Belize","2017","Final","1627"
"837","Belize","2018","Final","1322"
"838","Belize","2019","Preliminar","3636"
"839","Belize","2020","Preliminar","1069"
"840","Belize","2021","Preliminar","3104"
"841","Belize","2022","Preliminar","3479"
"842","Belize","2023","Preliminar","642"
"843","Virgin Islands (UK)","1980","Final","0"
"844","Virgin Islands (UK)","1981","Final","0"
"845","Virgin Islands (UK)","1982","Final","0"
"846","Virgin Islands (UK)","1983","Final","0"
"847","Virgin Islands (UK)","1984","Final","0"
"848","Virgin Islands (UK)","1985","Final","0"
"849","Virgin Islands (UK)","1986","Final","0"
"850","Virgin Islands (UK)","1987","Final","0"
"851","Virgin Islands (UK)","1988","Final","0"
"852","Virgin Islands (UK)","1989","Final","0"
"853","Virgin Islands (UK)","1990","Final","0"
"854","Virgin Islands (UK)","1991","Final","0"
"855","Virgin Islands (UK)","1992","Final","0"
"856","Virgin Islands (UK)","1993","Final","0"
"857","Virgin Islands (UK)","1994","Final","0"
"858","Virgin Islands (UK)","1995","Final","0"
"859","Virgin Islands (UK)","1996","Final","0"
"860","Virgin Islands (UK)","1997","Final","0"
"861","Virgin Islands (UK)","1998","Final","1"
"862","Virgin Islands (UK)","1999","Final","0"
"863","Virgin Islands (UK)","2000","Final","3"
"864","Montserrat","1985","Final","0"
"865","Montserrat","1986","Final","0"
"866","Montserrat","1987","Final","0"
"867","Montserrat","1988","Final","0"
"868","Montserrat","1989","Final","0"
"869","Montserrat","1990","Final","0"
"870","Montserrat","1991","Final","0"
"871","Montserrat","1992","Final","0"
"872","Montserrat","1993","Final","0"
"873","Montserrat","1994","Final","0"
"874","Montserrat","1995","Final","75"
"875","Montserrat","1996","Final","3"
"876","Montserrat","1997","Final","0"
"877","Montserrat","1998","Final","0"
"878","Montserrat","1999","Final","0"
"879","Montserrat","2000","Final","9"
"880","Montserrat","2001","Final","1"
"881","Montserrat","2002","Final","1"
"882","Montserrat","2003","Final","1"
"883","Montserrat","2004","Final","0"
"884","Montserrat","2005","Final","0"
"885","Montserrat","2006","Final","0"
"886","Montserrat","2007","Final","0"
"887","Montserrat","2008","Final","2"
"888","Montserrat","2009","Final","0"
"889","Montserrat","2010","Final","0"
"890","Montserrat","2011","Final","3"
"891","Montserrat","2012","Final","0"
"892","Montserrat","2013","Final","6"
"893","Montserrat","2014","Preliminar","17"
"894","Montserrat","2015","Preliminar","0"
"895","Montserrat","2016","Preliminar","25"
"896","Montserrat","2017","Preliminar","0"
"897","Montserrat","2018","Preliminar","1"
"898","Montserrat","2019","Preliminar","1"
"899","Montserrat","2020","Preliminar","0"
"900","Montserrat","2021","Preliminar","3"
"901","Montserrat","2022","Preliminar","9"
"902","Curaçao","1980","Final","0"
"903","Curaçao","1981","Final","0"
"904","Virgin Islands (US)","2007","Final","73"
"905","Virgin Islands (US)","2008","Final","0"
"906","Virgin Islands (US)","2009","Final","0"
"907","Virgin Islands (US)","2010","Final","0"
"908","Virgin Islands (US)","2011","Final","0"
"909","Virgin Islands (US)","2012","Final","4"
"910","Virgin Islands (US)","2013","Final","0"
"911","Virgin Islands (US)","2014","Preliminar","19"
"912","Virgin Islands (US)","2015","final","3"
"913","Virgin Islands (US)","2016","final","11"
"914","Virgin Islands (US)","2017","Final","1"
"915","Virgin Islands (US)","2018","Preliminar","0"
"916","Virgin Islands (US)","2019","Preliminar","0"
"917","Virgin Islands (US)","2020","Preliminar","0"
"918","Virgin Islands (US)","2021","Preliminar","0"
"919","Virgin Islands (US)","2022","Preliminar","0"
"920","Virgin Islands (US)","2023","Preliminar","0"
"921","Uruguay","1980","Final","0"
"922","Uruguay","1981","Final","0"
"923","Uruguay","1982","Final","0"
"924","Uruguay","1983","Final","0"
"925","Uruguay","1984","Final","0"
"926","Uruguay","1985","Final","0"
"927","Uruguay","1986","Final","0"
"928","Uruguay","1987","Final","0"
"929","Uruguay","1988","Final","0"
"930","Uruguay","1989","Final","0"
"931","Uruguay","1990","Final","0"
"932","Uruguay","1991","Final","0"
"933","Uruguay","1992","Final","0"
"934","Uruguay","1993","Final","0"
"935","Uruguay","1994","Final","0"
"936","Uruguay","1995","Final","0"
"937","Uruguay","1996","Final","0"
"938","Uruguay","1997","Final","0"
"939","Uruguay","1998","Final","0"
"940","Uruguay","1999","Final","0"
"941","Uruguay","2000","Final","0"
"942","Virgin Islands (UK)","2001","Final","23"
"943","Virgin Islands (UK)","2002","Final","0"
"944","Virgin Islands (UK)","2003","Final","0"
"945","Virgin Islands (UK)","2004","Final","0"
"946","Virgin Islands (UK)","2005","Final","0"
"947","Virgin Islands (UK)","2006","Final","0"
"948","Virgin Islands (UK)","2007","Final","6"
"949","Virgin Islands (UK)","2008","Final","15"
"950","Virgin Islands (UK)","2009","Final","65"
"951","Virgin Islands (UK)","2010","Final","9"
"952","Virgin Islands (UK)","2011","Final","939"
"953","Virgin Islands (UK)","2012","Final","12"
"954","Virgin Islands (UK)","2013","Final","223"
"955","Virgin Islands (UK)","2014","Preliminar","239"
"956","Virgin Islands (UK)","2015","Preliminar","103"
"957","Virgin Islands (UK)","2016","Preliminar","100"
"958","Virgin Islands (UK)","2017","Preliminar","67"
"959","Virgin Islands (UK)","2018","Final","60"
"960","Virgin Islands (UK)","2019","Preliminar","78"
"961","Virgin Islands (UK)","2020","Preliminar","44"
"962","Virgin Islands (UK)","2021","Preliminar","14"
"963","Virgin Islands (UK)","2022","Preliminar","27"
"964","Virgin Islands (UK)","2023","Preliminar","1"
"965","Canada","1980","Final","0"
"966","Canada","1981","Final","0"
"967","Canada","1982","Final","0"
"968","Canada","1983","Final","0"
"969","Canada","1984","Final","0"
"970","Canada","1985","Final","0"
"971","Canada","1986","Final","0"
"972","Canada","1987","Final","0"
"973","Canada","1988","Final","0"
"974","Canada","1989","Final","0"
"975","Canada","1990","Final","0"
"976","Canada","1991","Final","0"
"977","Canada","1992","Final","0"
"978","Canada","1993","Final","0"
"979","Curaçao","1982","Final","0"
"980","Curaçao","1983","Final","0"
"981","Curaçao","1984","Final","0"
"982","Curaçao","1985","Final","0"
"983","Curaçao","1986","Final","0"
"984","Curaçao","1987","Final","0"
"985","Curaçao","1988","Final","0"
"986","Curaçao","1989","Final","0"
"987","Curaçao","1990","Final","0"
"988","Curaçao","1991","Final","0"
"989","Curaçao","1992","Final","0"
"990","Curaçao","1993","Final","0"
"991","Curaçao","1994","Final","0"
"992","Curaçao","1995","Final","0"
"993","Curaçao","1996","Final","0"
"994","Curaçao","1997","Final","0"
"995","Curaçao","1998","Final","5"
"996","Curaçao","1999","Final","4"
"997","Curaçao","2000","Final","10"
"998","Curaçao","2001","Final","0"
"999","Curaçao","2002","Final","0"
"1000","Curaçao","2003","Final","0"
"1001","Curaçao","2004","Final","0"
"1002","Curaçao","2005","Final","265"
"1003","Curaçao","2006","Final","0"
"1004","Curaçao","2007","Final","0"
"1005","Curaçao","2008","Final","0"
"1006","Curaçao","2009","Final","0"
"1007","Curaçao","2010","Final","1722"
"1008","Curaçao","2011","Final","1553"
"1009","Curaçao","2012","Final","524"
"1010","Curaçao","2013","Final","568"
"1011","Curaçao","2014","Preliminar","194"
"1012","Curaçao","2015","Preliminar","0"
"1013","Curaçao","2016","Preliminar","0"
"1014","Curaçao","2017","Preliminar","0"
"1015","Curaçao","2018","Preliminar","0"
"1016","Curaçao","2019","Preliminar","0"
"1017","Curaçao","2020","Preliminar","0"
"1018","Aruba","1980","Final","0"
"1019","Aruba","1981","Final","0"
"1020","Aruba","1982","Final","0"
"1021","Aruba","1983","Final","0"
"1022","Uruguay","2001","Final","0"
"1023","Uruguay","2002","Final","0"
"1024","Uruguay","2003","Final","0"
"1025","Uruguay","2004","Final","0"
"1026","Uruguay","2005","Final","0"
"1027","Uruguay","2006","Final","0"
"1028","Uruguay","2007","Final","0"
"1029","Uruguay","2008","Final","0"
"1030","Uruguay","2009","Final","0"
"1031","Uruguay","2010","Final","0"
"1032","Uruguay","2011","Final","0"
"1033","Uruguay","2012","Final","0"
"1034","Uruguay","2013","Final","0"
"1035","Uruguay","2014","Preliminar","0"
"1036","Uruguay","2015","Preliminar","13"
"1037","Uruguay","2016","Preliminar","1769"
"1038","Uruguay","2017","Preliminar","0"
"1039","Uruguay","2018","Preliminar","0"
"1040","Uruguay","2019","Preliminar","0"
"1041","Uruguay","2020","Preliminar","4"
"1042","Uruguay","2021","Final","52"
"1043","Uruguay","2022","Preliminar","80"
"1044","Uruguay","2023","Preliminar","17"
"1045","Venezuela","1980","Final","39"
"1046","Venezuela","1981","Final","71"
"1047","Venezuela","1982","Final","39"
"1048","Venezuela","1983","Final","6"
"1049","Venezuela","1984","Final","20"
"1050","Venezuela","1985","Final","2"
"1051","Venezuela","1986","Final","0"
"1052","Venezuela","1987","Final","58"
"1053","Venezuela","1988","Final","12"
"1054","Venezuela","1989","Final","4025"
"1055","Venezuela","1990","Final","7637"
"1056","Venezuela","1991","Final","6559"
"1057","Venezuela","1992","Final","3356"
"1058","Venezuela","1993","Final","9059"
"1059","Venezuela","1994","Final","15046"
"1060","Venezuela","1995","Final","26900"
"1061","Venezuela","1996","Final","7500"
"1062","Venezuela","1997","Final","27354"
"1063","Venezuela","1998","Final","31863"
"1064","Venezuela","1999","Final","24028"
"1065","Venezuela","2000","Final","18915"
"1066","Venezuela","2001","Final","76639"
"1067","Venezuela","2002","Final","34697"
"1068","Venezuela","2003","Final","24750"
"1069","Venezuela","2004","Final","28707"
"1070","Venezuela","2005","Final","39517"
"1071","Venezuela","2006","Final","37384"
"1072","Venezuela","2007","Final","74185"
"1073","Venezuela","2008","Final","44399"
"1074","Venezuela","2009","Final","60720"
"1075","Venezuela","2010","Final","113764"
"1076","Venezuela","2011","Final","30135"
"1077","Venezuela","2012","Final","49502"
"1078","Venezuela","2013","Final","63726"
"1079","Venezuela","2014","Preliminar","87529"
"1080","Venezuela","2015","Preliminar","54152"
"1081","Venezuela","2016","Preliminar","29268"
"1082","Venezuela","2017","Preliminar","8615"
"1083","Venezuela","2018","Preliminar","19118"
"1084","Venezuela","2019","Preliminar","16015"
"1085","Venezuela","2020","Preliminar","6721"
"1086","Venezuela","2021","Preliminar","5926"
"1087","Venezuela","2022","Preliminar","11409"
"1088","Venezuela","2023","Preliminar","2443"
"1089","Canada","1994","Final","0"
"1090","Canada","1995","Final","0"
"1091","Canada","1996","Final","0"
"1092","Canada","1997","Final","0"
"1093","Canada","1998","Final","0"
"1094","Canada","1999","Final","0"
"1095","Canada","2000","Final","0"
"1096","Canada","2001","Final","0"
"1097","Canada","2002","Final","0"
"1098","Canada","2003","Final","0"
"1099","Canada","2004","Final","0"
"1100","Canada","2005","Final","0"
"1101","Canada","2006","Final","0"
"1102","Canada","2007","Final","0"
"1103","Canada","2008","Final","0"
"1104","Canada","2009","Final","0"
"1105","Canada","2010","Final","0"
"1106","Canada","2011","Final","0"
"1107","Canada","2012","Final","0"
"1108","Canada","2013","Final","0"
"1109","Canada","2014","Preliminar","0"
"1110","Canada","2015","Preliminar","0"
"1111","Canada","2016","Final","0"
"1112","Canada","2017","Preliminar","0"
"1113","Canada","2018","Preliminar","0"
"1114","Canada","2019","Preliminar","0"
"1115","Canada","2020","Preliminar","0"
"1116","Canada","2021","Preliminar","0"
"1117","Canada","2022","Preliminar","0"
"1118","Canada","2023","Preliminar","0"
"1119","Cayman Islands","1980","Final","0"
"1120","Cayman Islands","1981","Final","0"
"1121","Cayman Islands","1982","Final","0"
"1122","Cayman Islands","1983","Final","0"
"1123","Cayman Islands","1984","Final","0"
"1124","Cayman Islands","1985","Final","0"
"1125","Cayman Islands","1986","Final","0"
"1126","Cayman Islands","1987","Final","0"
"1127","Cayman Islands","1988","Final","0"
"1128","Cayman Islands","1989","Final","0"
"1129","Cayman Islands","1990","Final","0"
"1130","Cayman Islands","1991","Final","0"
"1131","Aruba","1984","Final","0"
"1132","Aruba","1985","Final","24000"
"1133","Aruba","1986","Final","0"
"1134","Aruba","1987","Final","0"
"1135","Aruba","1988","Final","0"
"1136","Aruba","1989","Final","0"
"1137","Aruba","1990","Final","0"
"1138","Aruba","1991","Final","0"
"1139","Aruba","1992","Final","0"
"1140","Aruba","1993","Final","0"
"1141","Aruba","1994","Final","0"
"1142","Aruba","1995","Final","37"
"1143","Aruba","1996","Final","10"
"1144","Aruba","1997","Final","0"
"1145","Aruba","1998","Final","0"
"1146","Aruba","1999","Final","130"
"1147","Aruba","2000","Final","76"
"1148","Aruba","2001","Final","0"
"1149","Aruba","2002","Final","25"
"1150","Aruba","2003","Final","0"
"1151","Aruba","2004","Final","173"
"1152","Aruba","2005","Final","0"
"1153","Aruba","2006","Final","5"
"1154","Aruba","2007","Final","0"
"1155","Aruba","2008","Final","0"
"1156","Aruba","2009","Final","845"
"1157","Aruba","2010","Final","1700"
"1158","Aruba","2011","Final","3025"
"1159","Aruba","2012","Final","0"
"1160","Aruba","2013","Final","528"
"1161","Aruba","2014","Preliminar","400"
"1162","Aruba","2015","Preliminar","335"
"1163","Aruba","2016","Preliminar","1319"
"1164","Aruba","2017","Preliminar","1734"
"1165","Aruba","2018","Preliminar","9"
"1166","Aruba","2019","Preliminar","106"
"1167","Aruba","2020","Preliminar","11"
"1168","Aruba","2021","Preliminar","4"
"1169","Aruba","2022","Preliminar","11"
"1170","Sint Maarten","2014","Preliminar","31"
"1171","Sint Maarten","2015","Preliminar","13"
"1172","Sint Maarten","2016","Preliminar","11"
"1173","Sint Maarten","2017","Preliminar","0"
"1174","Cayman Islands","1992","Final","0"
"1175","Cayman Islands","1993","Final","0"
"1176","Cayman Islands","1994","Final","0"
"1177","Cayman Islands","1995","Final","1"
"1178","Cayman Islands","1996","Final","0"
"1179","Cayman Islands","1997","Final","0"
"1180","Cayman Islands","1998","Final","2"
"1181","Cayman Islands","1999","Final","1"
"1182","Cayman Islands","2000","Final","0"
"1183","Cayman Islands","2001","Final","0"
"1184","Cayman Islands","2002","Final","1"
"1185","Cayman Islands","2003","Final","1"
"1186","Cayman Islands","2004","Final","0"
"1187","Cayman Islands","2005","Final","1"
"1188","Cayman Islands","2006","Final","0"
"1189","Cayman Islands","2007","Final","9"
"1190","Cayman Islands","2008","Final","1"
"1191","Cayman Islands","2009","Final","0"
"1192","Cayman Islands","2010","Final","8"
"1193","Cayman Islands","2011","Final","2"
"1194","Cayman Islands","2012","Final","53"
"1195","Cayman Islands","2013","Final","69"
"1196","Cayman Islands","2014","Preliminar","124"
"1197","Cayman Islands","2015","Preliminar","40"
"1198","Cayman Islands","2016","Preliminar","150"
"1199","Cayman Islands","2017","Preliminar","31"
"1200","Cayman Islands","2018","Preliminar","24"
"1201","Cayman Islands","2019","Preliminar","133"
"1202","Cayman Islands","2020","Preliminar","35"
"1203","Cayman Islands","2021","Preliminar","1"
"1204","Cayman Islands","2022","Preliminar","2"
"1205","Chile","1980","Final","0"
"1206","Chile","1981","Final","0"
"1207","Chile","1982","Final","0"
"1208","Chile","1983","Final","0"
"1209","Chile","1984","Final","0"
"1210","Chile","1985","Final","0"
"1211","Chile","1986","Final","0"
"1212","Chile","1987","Final","0"
"1213","Sint Maarten","2018","Preliminar","29"
"1214","Sint Maarten","2019","Preliminar","8"
"1215","Sint Maarten","2020","Preliminar","9"
"1216","Bonaire, Saint Eustatius and Saba","1980","Final","0"
"1217","Bonaire, Saint Eustatius and Saba","1981","Final","0"
"1218","Bonaire, Saint Eustatius and Saba","1982","Final","0"
"1219","Bonaire, Saint Eustatius and Saba","1983","Final","0"
"1220","Bonaire, Saint Eustatius and Saba","1984","Final","0"
"1221","Bonaire, Saint Eustatius and Saba","1985","Final","17483"
"1222","Bonaire, Saint Eustatius and Saba","1986","Final","484"
"1223","Bonaire, Saint Eustatius and Saba","1987","Final","87"
"1224","Bonaire, Saint Eustatius and Saba","1988","Final","203"
"1225","Bonaire, Saint Eustatius and Saba","1989","Final","659"
"1226","Bonaire, Saint Eustatius and Saba","1990","Final","4137"
"1227","Bonaire, Saint Eustatius and Saba","1991","Final","1885"
"1228","Bonaire, Saint Eustatius and Saba","1992","Final","5495"
"1229","Bonaire, Saint Eustatius and Saba","1993","Final","20469"
"1230","Bonaire, Saint Eustatius and Saba","1994","Final","0"
"1231","Bonaire, Saint Eustatius and Saba","1995","Final","0"
"1232","Bonaire, Saint Eustatius and Saba","1996","Final","0"
"1233","Bonaire, Saint Eustatius and Saba","1997","Final","0"
"1234","Bonaire, Saint Eustatius and Saba","1998","Final","0"
"1235","Bonaire, Saint Eustatius and Saba","1999","Final","0"
"1236","Bonaire, Saint Eustatius and Saba","2000","Final","0"
"1237","Bonaire, Saint Eustatius and Saba","2001","Final","0"
"1238","Bonaire, Saint Eustatius and Saba","2002","Final","0"
"1239","Bonaire, Saint Eustatius and Saba","2003","Final","0"
"1240","Bonaire, Saint Eustatius and Saba","2004","Final","0"
"1241","Bonaire, Saint Eustatius and Saba","2005","Final","0"
"1242","Chile","1988","Final","0"
"1243","Chile","1989","Final","0"
"1244","Chile","1990","Final","0"
"1245","Chile","1991","Final","0"
"1246","Chile","1992","Final","0"
"1247","Chile","1993","Final","0"
"1248","Chile","1994","Final","0"
"1249","Chile","1995","Final","0"
"1250","Chile","1996","Final","0"
"1251","Chile","1997","Final","0"
"1252","Chile","1998","Final","0"
"1253","Chile","1999","Final","0"
"1254","Chile","2000","Final","0"
"1255","Chile","2001","Final","0"
"1256","Chile","2002","Final","636"
"1257","Chile","2003","Final","0"
"1258","Chile","2004","Final","0"
"1259","Chile","2005","Final","0"
"1260","Chile","2006","Final","3"
"1261","Chile","2007","Final","28"
"1262","Chile","2008","Final","25"
"1263","Chile","2009","Final","51"
"1264","Chile","2010","Final","23"
"1265","Chile","2011","Final","1"
"1266","Chile","2012","Final","32"
"1267","Chile","2013","Final","44"
"1268","Chile","2014","Preliminar","30"
"1269","Chile","2015","Preliminar","40"
"1270","Chile","2016","Preliminar","33"
"1271","Chile","2017","Preliminar","10"
"1272","Chile","2018","Preliminar","18"
"1273","Chile","2019","Preliminar","29"
"1274","Chile","2020","Preliminar","9"
"1275","Chile","2021","Preliminar","0"
"1276","Chile","2022","Preliminar","0"
"1277","Chile","2023","Preliminar","0"
"1278","Colombia","1980","Final","8964"
"1279","Colombia","1981","Final","10790"
"1280","Colombia","1982","Final","6776"
"1281","Colombia","1983","Final","12919"
"1282","Colombia","1984","Final","7540"
"1283","Colombia","1985","Final","82271"
"1284","Colombia","1986","Final","7881"
"1285","Colombia","1987","Final","17510"
"1286","Bonaire, Saint Eustatius and Saba","2006","Final","0"
"1287","Bonaire, Saint Eustatius and Saba","2007","Final","0"
"1288","Bonaire, Saint Eustatius and Saba","2008","Final","0"
"1289","Bonaire, Saint Eustatius and Saba","2009","Final","0"
"1290","Bonaire, Saint Eustatius and Saba","2010","Final","166"
"1291","Bonaire, Saint Eustatius and Saba","2011","Final","939"
"1292","Bonaire, Saint Eustatius and Saba","2012","Final","121"
"1293","Bonaire, Saint Eustatius and Saba","2013","Final","444"
"1294","Bonaire, Saint Eustatius and Saba","2018","Preliminar","0"
"1295","Bonaire, Saint Eustatius and Saba","2019","Preliminar","0"
"1296","Bonaire, Saint Eustatius and Saba","2020","Preliminar","0"
"1297","Nicaragua","1980","Final","0"
"1298","Nicaragua","1981","Final","0"
"1299","Nicaragua","1982","Final","0"
"1300","Nicaragua","1983","Final","0"
"1301","Nicaragua","1984","Final","0"
"1302","Nicaragua","1985","Final","17476"
"1303","Nicaragua","1986","Final","484"
"1304","Nicaragua","1987","Final","64"
"1305","Nicaragua","1988","Final","203"
"1306","Nicaragua","1989","Final","659"
"1307","Nicaragua","1990","Final","4137"
"1308","Nicaragua","1991","Final","1885"
"1309","Nicaragua","1992","Final","5495"
"1310","Nicaragua","1993","Final","8938"
"1311","Nicaragua","1994","Final","20469"
"1312","Nicaragua","1995","Final","18454"
"1313","Nicaragua","1996","Final","2743"
"1314","Nicaragua","1997","Final","3058"
"1315","Nicaragua","1998","Final","13160"
"1316","Nicaragua","1999","Final","10401"
"1317","Nicaragua","2000","Final","6681"
"1318","Nicaragua","2001","Final","1646"
"1319","Nicaragua","2002","Final","2000"
"1320","Nicaragua","2003","Final","2564"
"1321","Nicaragua","2004","Final","942"
"1322","Colombia","1988","Final","16308"
"1323","Colombia","1989","Final","10091"
"1324","Colombia","1990","Final","17350"
"1325","Colombia","1991","Final","15104"
"1326","Colombia","1992","Final","59853"
"1327","Colombia","1993","Final","8449"
"1328","Colombia","1994","Final","774"
"1329","Colombia","1995","Final","50031"
"1330","Colombia","1996","Final","31398"
"1331","Colombia","1997","Final","20340"
"1332","Colombia","1998","Final","58011"
"1333","Colombia","1999","Final","19243"
"1334","Colombia","2000","Final","20956"
"1335","Colombia","2001","Final","48874"
"1336","Colombia","2002","Final","71727"
"1337","Colombia","2003","Final","47710"
"1338","Colombia","2004","Final","24708"
"1339","Colombia","2005","Final","26169"
"1340","Colombia","2006","Final","31092"
"1341","Colombia","2007","Final","38562"
"1342","Colombia","2008","Final","23651"
"1343","Colombia","2009","Final","44412"
"1344","Colombia","2010","Final","147670"
"1345","Colombia","2011","Final","31819"
"1346","Colombia","2012","Final","50040"
"1347","Colombia","2013","Final","126425"
"1348","Colombia","2014","Preliminar","107975"
"1349","Colombia","2015","Final","96444"
"1350","Colombia","2016","Final","101016"
"1351","Colombia","2017","Final","25284"
"1352","Colombia","2018","Preliminar","44825"
"1353","Colombia","2019","Preliminar","127553"
"1354","Colombia","2020","Preliminar","78979"
"1355","Colombia","2021","Preliminar","53334"
"1356","Colombia","2022","Preliminar","69497"
"1357","Colombia","2023","Preliminar","20770"
"1358","Costa Rica","1980","Final","0"
"1359","Costa Rica","1981","Final","0"
"1360","Costa Rica","1982","Final","0"
"1361","Costa Rica","1983","Final","0"
"1362","Costa Rica","1984","Final","0"
"1363","Nicaragua","2005","Final","1558"
"1364","Nicaragua","2006","Final","1298"
"1365","Nicaragua","2007","Final","1264"
"1366","Nicaragua","2008","Final","1390"
"1367","Nicaragua","2009","Final","17060"
"1368","Nicaragua","2010","Final","5157"
"1369","Nicaragua","2011","Final","11881"
"1370","Nicaragua","2012","Final","30210"
"1371","Nicaragua","2013","Final","77179"
"1372","Nicaragua","2014","Preliminar","35425"
"1373","Nicaragua","2015","Preliminar","49326"
"1374","Nicaragua","2016","Final","88463"
"1375","Nicaragua","2017","Preliminar","64712"
"1376","Nicaragua","2018","Preliminar","58746"
"1377","Nicaragua","2019","Preliminar","186173"
"1378","Nicaragua","2020","Preliminar","53953"
"1379","Nicaragua","2021","Preliminar","36741"
"1380","Nicaragua","2022","Preliminar","97541"
"1381","Nicaragua","2023","Preliminar","21334"
"1382","Panama","1980","Final","0"
"1383","Panama","1981","Final","0"
"1384","Panama","1982","Final","0"
"1385","Panama","1983","Final","0"
"1386","Panama","1984","Final","0"
"1387","Panama","1985","Final","0"
"1388","Panama","1986","Final","0"
"1389","Panama","1987","Final","0"
"1390","Panama","1988","Final","0"
"1391","Panama","1989","Final","0"
"1392","Panama","1990","Final","0"
"1393","Panama","1991","Final","0"
"1394","Panama","1992","Final","0"
"1395","Panama","1993","Final","13"
"1396","Panama","1994","Final","20469"
"1397","Panama","1995","Final","3080"
"1398","Panama","1996","Final","811"
"1399","Panama","1997","Final","2628"
"1400","Panama","1998","Final","2716"
"1401","Panama","1999","Final","2782"
"1402","Panama","2000","Final","314"
"1403","Panama","2001","Final","1538"
"1404","Panama","2002","Final","706"
"1405","Dominica","1983","Final","0"
"1406","Dominica","1984","Final","0"
"1407","Dominica","1985","Final","0"
"1408","Dominica","1986","Final","0"
"1409","Dominica","1987","Final","0"
"1410","Dominica","1988","Final","0"
"1411","Dominica","1989","Final","0"
"1412","Dominica","1990","Final","6"
"1413","Dominica","1991","Final","12"
"1414","Dominica","1992","Final","0"
"1415","Dominica","1993","Final","1"
"1416","Dominica","1994","Final","0"
"1417","Dominica","1995","Final","282"
"1418","Dominica","1996","Final","3"
"1419","Dominica","1997","Final","0"
"1420","Dominica","1998","Final","1"
"1421","Dominica","1999","Final","1"
"1422","Dominica","2000","Final","15"
"1423","Dominica","2001","Final","5"
"1424","Dominica","2002","Final","0"
"1425","Dominica","2003","Final","0"
"1426","Dominica","2004","Final","4"
"1427","Dominica","2005","Final","7"
"1428","Dominica","2006","Final","19"
"1429","Dominica","2007","Final","110"
"1430","Dominica","2008","Final","80"
"1431","Dominica","2009","Final","2"
"1432","Dominica","2010","Final","633"
"1433","Dominica","2011","Final","40"
"1434","Dominica","2012","Final","3"
"1435","Dominica","2013","Final","197"
"1436","Dominica","2014","Preliminar","189"
"1437","Dominica","2015","Preliminar","38"
"1438","Dominica","2016","Preliminar","351"
"1439","Dominica","2017","Preliminar","33"
"1440","Dominica","2018","Preliminar","45"
"1441","Dominica","2019","Preliminar","1066"
"1442","Dominica","2020","Preliminar","88"
"1443","Dominica","2021","Preliminar","65"
"1444","Dominica","2022","Preliminar","28"
"1445","Dominican Republic","1980","Final","54"
"1446","Costa Rica","1985","Final","0"
"1447","Costa Rica","1986","Final","0"
"1448","Costa Rica","1987","Final","0"
"1449","Costa Rica","1988","Final","0"
"1450","Costa Rica","1989","Final","0"
"1451","Costa Rica","1990","Final","0"
"1452","Costa Rica","1991","Final","0"
"1453","Costa Rica","1992","Final","0"
"1454","Costa Rica","1993","Final","4612"
"1455","Costa Rica","1994","Final","13929"
"1456","Costa Rica","1995","Final","5137"
"1457","Costa Rica","1996","Final","2309"
"1458","Costa Rica","1997","Final","14421"
"1459","Costa Rica","1998","Final","2628"
"1460","Costa Rica","1999","Final","6041"
"1461","Costa Rica","2000","Final","4908"
"1462","Costa Rica","2001","Final","9464"
"1463","Costa Rica","2002","Final","12251"
"1464","Costa Rica","2003","Final","19703"
"1465","Costa Rica","2004","Final","9408"
"1466","Costa Rica","2005","Final","37798"
"1467","Costa Rica","2006","Final","12052"
"1468","Costa Rica","2007","Final","26504"
"1469","Costa Rica","2008","Final","8212"
"1470","Costa Rica","2009","Final","7214"
"1471","Costa Rica","2010","Final","31484"
"1472","Costa Rica","2011","Final","13838"
"1473","Costa Rica","2012","Final","22243"
"1474","Costa Rica","2013","Final","49993"
"1475","Costa Rica","2014","final","11140"
"1476","Costa Rica","2015","Final","17394"
"1477","Costa Rica","2016","Final","23319"
"1478","Costa Rica","2017","final","5561"
"1479","Costa Rica","2018","Final","2735"
"1480","Costa Rica","2019","Final","9400"
"1481","Costa Rica","2020","preliminar","10056"
"1482","Costa Rica","2021","Preliminar","5174"
"1483","Costa Rica","2022","Preliminar","7485"
"1484","Costa Rica","2023","Preliminar","492"
"1485","Cuba","1980","Final","0"
"1486","Panama","2003","Final","293"
"1487","Panama","2004","Final","369"
"1488","Panama","2005","Final","3998"
"1489","Panama","2006","Final","4293"
"1490","Panama","2007","Final","3399"
"1491","Panama","2008","Final","2284"
"1492","Panama","2009","Final","6783"
"1493","Panama","2010","Final","1999"
"1494","Panama","2011","Final","3844"
"1495","Panama","2012","Final","1194"
"1496","Panama","2013","Final","4774"
"1497","Panama","2014","Preliminar","5517"
"1498","Panama","2015","Preliminar","3347"
"1499","Panama","2016","Preliminar","7884"
"1500","Panama","2017","Final","9077"
"1501","Panama","2018","Preliminar","6908"
"1502","Panama","2019","Preliminar","9448"
"1503","Panama","2020","Preliminar","3939"
"1504","Panama","2021","Preliminar","3095"
"1505","Panama","2022","Preliminar","11172"
"1506","Panama","2023","Preliminar","1369"
"1507","Paraguay","1980","Final","0"
"1508","Paraguay","1981","Final","0"
"1509","Paraguay","1982","Final","0"
"1510","Paraguay","1983","Final","0"
"1511","Paraguay","1984","Final","0"
"1512","Paraguay","1985","Final","0"
"1513","Paraguay","1986","Final","0"
"1514","Paraguay","1987","Final","0"
"1515","Paraguay","1988","Final","0"
"1516","Paraguay","1989","Final","41000"
"1517","Paraguay","1990","Final","0"
"1518","Paraguay","1991","Final","0"
"1519","Paraguay","1992","Final","0"
"1520","Paraguay","1993","Final","0"
"1521","Paraguay","1994","Final","0"
"1522","Paraguay","1995","Final","0"
"1523","Paraguay","1996","Final","0"
"1524","Paraguay","1997","Final","0"
"1525","Paraguay","1998","Final","0"
"1526","Paraguay","1999","Final","1164"
"1527","Paraguay","2000","Final","24282"
"1528","Paraguay","2001","Final","38"
"1529","Cuba","1981","Final","333891"
"1530","Cuba","1982","Final","0"
"1531","Cuba","1983","Final","0"
"1532","Cuba","1984","Final","0"
"1533","Cuba","1985","Final","0"
"1534","Cuba","1986","Final","0"
"1535","Cuba","1987","Final","0"
"1536","Cuba","1988","Final","0"
"1537","Cuba","1989","Final","0"
"1538","Cuba","1990","Final","0"
"1539","Cuba","1991","Final","0"
"1540","Cuba","1992","Final","0"
"1541","Cuba","1993","Final","0"
"1542","Cuba","1994","Final","0"
"1543","Cuba","1995","Final","0"
"1544","Cuba","1996","Final","0"
"1545","Cuba","1997","Final","2807"
"1546","Cuba","1998","Final","0"
"1547","Cuba","1999","Final","0"
"1548","Cuba","2000","Final","138"
"1549","Cuba","2001","Final","11363"
"1550","Cuba","2002","Final","2999"
"1551","Cuba","2003","Final","0"
"1552","Cuba","2004","Final","0"
"1553","Cuba","2005","Final","75"
"1554","Cuba","2006","Final","0"
"1555","Cuba","2007","Final","28"
"1556","Cuba","2008","Final","0"
"1557","Cuba","2009","Final","70"
"1558","Cuba","2010","Final","0"
"1559","Cuba","2011","Final","0"
"1560","Cuba","2012","Final","0"
"1561","Cuba","2013","Final","0"
"1562","Cuba","2014","Preliminar","2522"
"1563","Cuba","2015","Preliminar","1691"
"1564","Cuba","2016","Preliminar","1836"
"1565","Cuba","2017","Preliminar","1248"
"1566","Cuba","2018","Preliminar","2128"
"1567","Cuba","2019","Preliminar","3259"
"1568","Cuba","2020","Preliminar","1418"
"1569","Cuba","2021","Preliminar","1160"
"1570","Cuba","2022","Preliminar","3036"
"1571","Dominica","1980","Final","0"
"1572","Dominica","1981","Final","0"
"1573","Dominica","1982","Final","0"
"1574","Paraguay","2002","Final","1871"
"1575","Paraguay","2003","Final","137"
"1576","Paraguay","2004","Final","164"
"1577","Paraguay","2005","Final","405"
"1578","Paraguay","2006","Final","4271"
"1579","Paraguay","2007","Final","28127"
"1580","Paraguay","2008","Final","1953"
"1581","Paraguay","2009","Final","6143"
"1582","Paraguay","2010","Final","13523"
"1583","Paraguay","2011","Final","42847"
"1584","Paraguay","2012","Final","39063"
"1585","Paraguay","2013","Final","144470"
"1586","Paraguay","2014","Preliminar","10014"
"1587","Paraguay","2015","Preliminar","68652"
"1588","Paraguay","2016","Final","70215"
"1589","Paraguay","2017","Preliminar","1832"
"1590","Paraguay","2018","Preliminar","32359"
"1591","Paraguay","2019","Preliminar","11811"
"1592","Paraguay","2020","Preliminar","223782"
"1593","Paraguay","2021","Preliminar","16897"
"1594","Paraguay","2022","Preliminar","7428"
"1595","Paraguay","2023","Preliminar","1074"
"1596","Peru","1980","Final","0"
"1597","Peru","1981","Final","0"
"1598","Peru","1982","Final","0"
"1599","Peru","1983","Final","0"
"1600","Peru","1984","Final","0"
"1601","Peru","1985","Final","0"
"1602","Peru","1986","Final","0"
"1603","Peru","1987","Final","0"
"1604","Peru","1988","Final","0"
"1605","Peru","1989","Final","0"
"1606","Peru","1990","Final","7858"
"1607","Peru","1991","Final","714"
"1608","Peru","1992","Final","1971"
"1609","Peru","1993","Final","897"
"1610","Peru","1994","Final","1471"
"1611","Peru","1995","Final","2732"
"1612","Peru","1996","Final","6395"
"1613","Peru","1997","Final","1357"
"1614","Peru","1998","Final","988"
"1615","Peru","1999","Final","554"
"1616","Peru","2000","Final","5486"
"1617","Peru","2001","Final","23078"
"1618","Peru","2002","Final","8862"
"1619","Peru","2003","Final","3622"
"1620","Peru","2004","Final","9739"
"1621","Peru","2005","Final","6342"
"1622","Peru","2006","Final","5527"
"1623","Peru","2007","Final","6872"
"1624","Peru","2008","Final","10246"
"1625","Peru","2009","Final","8801"
"1626","Peru","2010","Final","18484"
"1627","Peru","2011","Final","29612"
"1628","Peru","2012","Final","30919"
"1629","Peru","2013","Final","13771"
"1630","Peru","2014","Preliminar","19043"
"1631","Peru","2015","Preliminar","35837"
"1632","Peru","2016","Preliminar","31868"
"1633","Peru","2017","Preliminar","76093"
"1634","Peru","2018","Preliminar","6930"
"1635","Peru","2019","Preliminar","17143"
"1636","Peru","2020","Preliminar","56394"
"1637","Peru","2021","Preliminar","49274"
"1638","Peru","2022","Preliminar","72851"
"1639","Peru","2023","Preliminar","22844"
"1640","Puerto Rico","1980","Final","921"
"1641","Puerto Rico","1981","Final","8350"
"1642","Puerto Rico","1982","Final","9536"
"1643","Puerto Rico","1983","Final","2789"
"1644","Puerto Rico","1984","Final","1865"
"1645","Puerto Rico","1985","Final","2374"
"1646","Puerto Rico","1986","Final","10628"
"1647","Puerto Rico","1987","Final","5818"
"1648","Puerto Rico","1988","Final","6531"
"1649","Puerto Rico","1989","Final","8991"
"1650","Puerto Rico","1990","Final","9444"
"1651","Puerto Rico","1991","Final","10305"
"1652","Puerto Rico","1992","Final","13009"
"1653","Puerto Rico","1993","Final","6600"
"1654","Puerto Rico","1994","Final","22000"
"1655","Puerto Rico","1995","Final","6491"
"1656","Puerto Rico","1996","Final","4631"
"1657","Puerto Rico","1997","Final","6893"
"1658","Puerto Rico","1998","Final","17068"
"1659","Dominican Republic","1981","Final","619"
"1660","Dominican Republic","1982","Final","435"
"1661","Dominican Republic","1983","Final","538"
"1662","Dominican Republic","1984","Final","260"
"1663","Dominican Republic","1985","Final","92"
"1664","Dominican Republic","1986","Final","6"
"1665","Dominican Republic","1987","Final","20"
"1666","Dominican Republic","1988","Final","160"
"1667","Dominican Republic","1989","Final","7"
"1668","Dominican Republic","1990","Final","39"
"1669","Dominican Republic","1991","Final","24"
"1670","Dominican Republic","1992","Final","107"
"1671","Dominican Republic","1993","Final","0"
"1672","Dominican Republic","1994","Final","0"
"1673","Dominican Republic","1995","Final","211"
"1674","Dominican Republic","1996","Final","72"
"1675","Dominican Republic","1997","Final","512"
"1676","Dominican Republic","1998","Final","2873"
"1677","Dominican Republic","1999","Final","1059"
"1678","Dominican Republic","2000","Final","3404"
"1679","Dominican Republic","2001","Final","3588"
"1680","Dominican Republic","2002","Final","3118"
"1681","Dominican Republic","2003","Final","5911"
"1682","Dominican Republic","2004","Final","2340"
"1683","Dominican Republic","2005","Final","2776"
"1684","Dominican Republic","2006","Final","5913"
"1685","Dominican Republic","2007","Final","9403"
"1686","Dominican Republic","2008","Final","4150"
"1687","Dominican Republic","2009","Final","7297"
"1688","Dominican Republic","2010","Final","11060"
"1689","Dominican Republic","2011","Final","2232"
"1690","Dominican Republic","2012","Final","9284"
"1691","Dominican Republic","2013","Final","16503"
"1692","Dominican Republic","2014","Preliminar","6274"
"1693","Dominican Republic","2015","Preliminar","17048"
"1694","Dominican Republic","2016","Preliminar","6645"
"1695","Dominican Republic","2017","Final","1363"
"1696","Dominican Republic","2018","Preliminar","1558"
"1697","Dominican Republic","2019","Preliminar","20183"
"1698","Dominican Republic","2020","Preliminar","3964"
"1699","Dominican Republic","2021","Preliminar","3746"
"1700","Dominican Republic","2022","Preliminar","10784"
"1701","Dominican Republic","2023","Preliminar","342"
"1702","Ecuador","1980","Final","0"
"1703","Ecuador","1981","Final","0"
"1704","Ecuador","1982","Final","0"
"1705","Ecuador","1983","Final","0"
"1706","Ecuador","1984","Final","0"
"1707","Ecuador","1985","Final","0"
"1708","Ecuador","1986","Final","0"
"1709","Ecuador","1987","Final","0"
"1710","Ecuador","1988","Final","420025"
"1711","Ecuador","1989","Final","19"
"1712","Ecuador","1990","Final","302"
"1713","Ecuador","1991","Final","94"
"1714","Ecuador","1992","Final","137"
"1715","Ecuador","1993","Final","9015"
"1716","Ecuador","1994","Final","8145"
"1717","Ecuador","1995","Final","6607"
"1718","Ecuador","1996","Final","5189"
"1719","Ecuador","1997","Final","3871"
"1720","Ecuador","1998","Final","4606"
"1721","Ecuador","1999","Final","2901"
"1722","Ecuador","2000","Final","22934"
"1723","Ecuador","2001","Final","10864"
"1724","Ecuador","2002","Final","5675"
"1725","Ecuador","2003","Final","9903"
"1726","Ecuador","2004","Final","6101"
"1727","Ecuador","2005","Final","11797"
"1728","Ecuador","2006","Final","5871"
"1729","Ecuador","2007","Final","10253"
"1730","Ecuador","2008","Final","1879"
"1731","Ecuador","2009","Final","4400"
"1732","Ecuador","2010","Final","17516"
"1733","Puerto Rico","1999","Final","4959"
"1734","Puerto Rico","2000","Final","2409"
"1735","Puerto Rico","2001","Final","5197"
"1736","Puerto Rico","2002","Final","2883"
"1737","Puerto Rico","2003","Final","3730"
"1738","Puerto Rico","2004","Final","3277"
"1739","Puerto Rico","2005","Final","5682"
"1740","Puerto Rico","2006","Final","3036"
"1741","Puerto Rico","2007","Final","10964"
"1742","Puerto Rico","2008","Final","3319"
"1743","Puerto Rico","2009","Final","6588"
"1744","Puerto Rico","2010","Final","21265"
"1745","Puerto Rico","2011","Final","5623"
"1746","Puerto Rico","2012","Final","11774"
"1747","Puerto Rico","2013","Final","18164"
"1748","Puerto Rico","2014","Preliminar","8880"
"1749","Puerto Rico","2015","Preliminar","1867"
"1750","Puerto Rico","2016","Final","168"
"1751","Puerto Rico","2017","Final","0"
"1752","Puerto Rico","2018","Preliminar","0"
"1753","Puerto Rico","2019","Preliminar","37"
"1754","Puerto Rico","2020","Preliminar","914"
"1755","Puerto Rico","2021","Preliminar","636"
"1756","Puerto Rico","2022","Preliminar","1023"
"1757","Puerto Rico","2023","Preliminar","229"
"1758","Saint Barthelemy","1980","Final","0"
"1759","Saint Barthelemy","1981","Final","0"
"1760","Saint Barthelemy","1982","Final","0"
"1761","Saint Barthelemy","1983","Final","0"
"1762","Saint Barthelemy","1984","Final","0"
"1763","Saint Barthelemy","1985","Final","0"
"1764","Saint Barthelemy","1986","Final","0"
"1765","Saint Barthelemy","1987","Final","0"
"1766","Saint Barthelemy","1988","Final","0"
"1767","Saint Barthelemy","1989","Final","0"
"1768","Saint Barthelemy","1990","Final","0"
"1769","Saint Barthelemy","1991","Final","0"
"1770","Saint Barthelemy","1992","Final","0"
"1771","Saint Barthelemy","1993","Final","0"
"1772","Saint Barthelemy","1994","Final","0"
"1773","Saint Barthelemy","1995","Final","0"
"1774","Saint Barthelemy","1996","Final","0"
"1775","Saint Barthelemy","1997","Final","0"
"1776","Saint Barthelemy","1998","Final","0"
"1777","Saint Barthelemy","1999","Final","0"
"1778","Saint Barthelemy","2000","Final","0"
"1779","Saint Barthelemy","2001","Final","0"
"1780","Saint Barthelemy","2002","Final","0"
"1781","Saint Barthelemy","2003","Final","0"
"1782","Saint Barthelemy","2004","Final","0"
"1783","Saint Barthelemy","2005","Final","0"
"1784","Saint Barthelemy","2006","Final","0"
"1785","Saint Barthelemy","2007","Final","0"
"1786","Saint Barthelemy","2008","Final","0"
"1787","Saint Barthelemy","2009","Final","804"
"1788","Saint Barthelemy","2010","Final","0"
"1789","Saint Barthelemy","2011","Final","23"
"1790","Saint Barthelemy","2012","Final","40"
"1791","Saint Barthelemy","2013","Final","966"
"1792","Saint Barthelemy","2014","Preliminar","56"
"1793","Saint Barthelemy","2015","Preliminar","428"
"1794","Saint Barthelemy","2016","Preliminar","78"
"1795","Saint Barthelemy","2017","Preliminar","55"
"1796","Saint Barthelemy","2018","Preliminar","0"
"1797","Saint Barthelemy","2019","Preliminar","11"
"1798","Saint Barthelemy","2020","Preliminar","1616"
"1799","Saint Barthelemy","2021","Preliminar","70"
"1800","Saint Barthelemy","2022","Preliminar","93"
"1801","Saint Barthelemy","2023","Preliminar","2"
"1802","Saint Kitts and Nevis","1980","Final","0"
"1803","Saint Kitts and Nevis","1981","Final","0"
"1804","Saint Kitts and Nevis","1982","Final","0"
"1805","Saint Kitts and Nevis","1983","Final","0"
"1806","Saint Kitts and Nevis","1984","Final","0"
"1807","Ecuador","2011","Final","7567"
"1808","Ecuador","2012","Final","19367"
"1809","Ecuador","2013","Final","11662"
"1810","Ecuador","2014","Final","15531"
"1811","Ecuador","2015","Final","42473"
"1812","Ecuador","2016","Final","14159"
"1813","Ecuador","2017","Preliminar","11387"
"1814","Ecuador","2018","Preliminar","3072"
"1815","Ecuador","2019","Preliminar","8416"
"1816","Ecuador","2020","Preliminar","19950"
"1817","Ecuador","2021","Preliminar","20829"
"1818","Ecuador","2022","Preliminar","16017"
"1819","Ecuador","2023","Preliminar","3577"
"1820","El Salvador","1980","Final","2060"
"1821","El Salvador","1981","Final","5185"
"1822","El Salvador","1982","Final","5166"
"1823","El Salvador","1983","Final","3814"
"1824","El Salvador","1984","Final","560"
"1825","El Salvador","1985","Final","425"
"1826","El Salvador","1986","Final","916"
"1827","El Salvador","1987","Final","2836"
"1828","El Salvador","1988","Final","1786"
"1829","El Salvador","1989","Final","518"
"1830","El Salvador","1990","Final","2381"
"1831","El Salvador","1991","Final","1273"
"1832","El Salvador","1992","Final","884"
"1833","El Salvador","1993","Final","9015"
"1834","El Salvador","1994","Final","8145"
"1835","El Salvador","1995","Final","9529"
"1836","El Salvador","1996","Final","789"
"1837","El Salvador","1997","Final","423"
"1838","El Salvador","1998","Final","1686"
"1839","El Salvador","1999","Final","556"
"1840","El Salvador","2000","Final","2837"
"1841","El Salvador","2001","Final","1039"
"1842","El Salvador","2002","Final","17902"
"1843","El Salvador","2003","Final","7298"
"1844","El Salvador","2004","Final","13190"
"1845","El Salvador","2005","Final","15083"
"1846","El Salvador","2006","Final","21843"
"1847","Saint Kitts and Nevis","1985","Final","0"
"1848","Saint Kitts and Nevis","1986","Final","0"
"1849","Saint Kitts and Nevis","1987","Final","0"
"1850","Saint Kitts and Nevis","1988","Final","0"
"1851","Saint Kitts and Nevis","1989","Final","0"
"1852","Saint Kitts and Nevis","1990","Final","0"
"1853","Saint Kitts and Nevis","1991","Final","8"
"1854","Saint Kitts and Nevis","1992","Final","0"
"1855","Saint Kitts and Nevis","1993","Final","0"
"1856","Saint Kitts and Nevis","1994","Final","0"
"1857","Saint Kitts and Nevis","1995","Final","27"
"1858","Saint Kitts and Nevis","1996","Final","6"
"1859","Saint Kitts and Nevis","1997","Final","0"
"1860","Saint Kitts and Nevis","1998","Final","0"
"1861","Saint Kitts and Nevis","1999","Final","1"
"1862","Saint Kitts and Nevis","2000","Final","5"
"1863","Saint Kitts and Nevis","2001","Final","85"
"1864","Saint Kitts and Nevis","2002","Final","20"
"1865","Saint Kitts and Nevis","2003","Final","2"
"1866","Saint Kitts and Nevis","2004","Final","4"
"1867","Saint Kitts and Nevis","2005","Final","0"
"1868","Saint Kitts and Nevis","2006","Final","1"
"1869","Saint Kitts and Nevis","2007","Final","0"
"1870","Saint Kitts and Nevis","2008","Final","49"
"1871","Saint Kitts and Nevis","2009","Final","2"
"1872","Saint Kitts and Nevis","2010","Final","19"
"1873","Saint Kitts and Nevis","2011","Final","46"
"1874","Saint Kitts and Nevis","2012","Final","2"
"1875","Saint Kitts and Nevis","2013","Final","100"
"1876","Saint Kitts and Nevis","2014","Preliminar","75"
"1877","Saint Kitts and Nevis","2015","Preliminar","5"
"1878","Saint Kitts and Nevis","2016","Preliminar","136"
"1879","Saint Kitts and Nevis","2017","Preliminar","10"
"1880","Antigua and Barbuda","1980","Final","0"
"1881","Antigua and Barbuda","1981","Final","0"
"1882","Antigua and Barbuda","1982","Final","0"
"1883","Antigua and Barbuda","1983","Final","0"
"1884","Antigua and Barbuda","1984","Final","0"
"1885","Antigua and Barbuda","1985","Final","0"
"1886","Antigua and Barbuda","1986","Final","0"
"1887","Antigua and Barbuda","1987","Final","0"
"1888","Antigua and Barbuda","1988","Final","0"
"1889","Antigua and Barbuda","1989","Final","0"
"1890","Antigua and Barbuda","1990","Final","1"
"1891","Antigua and Barbuda","1991","Final","1"
"1892","Antigua and Barbuda","1992","Final","0"
"1893","Antigua and Barbuda","1993","Final","0"
"1894","Antigua and Barbuda","1994","Final","0"
"1895","Antigua and Barbuda","1995","Final","56"
"1896","Antigua and Barbuda","1996","Final","12"
"1897","Antigua and Barbuda","1997","Final","7"
"1898","Antigua and Barbuda","1998","Final","4"
"1899","Antigua and Barbuda","1999","Final","2"
"1900","Antigua and Barbuda","2000","Final","8"
"1901","Antigua and Barbuda","2001","Final","20"
"1902","Antigua and Barbuda","2002","Final","5"
"1903","Antigua and Barbuda","2003","Final","0"
"1904","Antigua and Barbuda","2004","Final","0"
"1905","Antigua and Barbuda","2005","Final","0"
"1906","Antigua and Barbuda","2006","Final","0"
"1907","Antigua and Barbuda","2007","Final","0"
"1908","Antigua and Barbuda","2008","Final","17"
"1909","Antigua and Barbuda","2009","Final","2"
"1910","Antigua and Barbuda","2010","Final","3"
"1911","Antigua and Barbuda","2011","Final","7"
"1912","Antigua and Barbuda","2012","Final","10"
"1913","Antigua and Barbuda","2013","Final","3"
"1914","Antigua and Barbuda","2014","Preliminar","37"
"1915","El Salvador","2007","Final","12376"
"1916","El Salvador","2008","Final","5774"
"1917","El Salvador","2009","Final","14928"
"1918","El Salvador","2010","Final","22221"
"1919","El Salvador","2011","Final","20623"
"1920","El Salvador","2012","Final","43163"
"1921","El Salvador","2013","Final","28877"
"1922","El Salvador","2014","Preliminar","53460"
"1923","El Salvador","2015","Preliminar","50169"
"1924","El Salvador","2016","Final","8789"
"1925","El Salvador","2017","Final","4297"
"1926","El Salvador","2018","Preliminar","8448"
"1927","El Salvador","2019","Preliminar","27470"
"1928","El Salvador","2020","Preliminar","5450"
"1929","El Salvador","2021","Preliminar","5752"
"1930","El Salvador","2022","Preliminar","16542"
"1931","El Salvador","2023","Preliminar","660"
"1932","French Guiana","1980","Final","0"
"1933","French Guiana","1981","Final","0"
"1934","French Guiana","1982","Final","0"
"1935","French Guiana","1983","Final","0"
"1936","French Guiana","1984","Final","0"
"1937","French Guiana","1985","Final","0"
"1938","French Guiana","1986","Final","0"
"1939","French Guiana","1987","Final","0"
"1940","French Guiana","1988","Final","0"
"1941","French Guiana","1989","Final","0"
"1942","French Guiana","1990","Final","0"
"1943","French Guiana","1991","Final","15"
"1944","French Guiana","1992","Final","0"
"1945","French Guiana","1993","Final","0"
"1946","French Guiana","1994","Final","0"
"1947","French Guiana","1995","Final","895"
"1948","French Guiana","1996","Final","358"
"1949","French Guiana","1997","Final","848"
"1950","French Guiana","1998","Final","533"
"1951","French Guiana","1999","Final","88"
"1952","French Guiana","2000","Final","182"
"1953","Saint Kitts and Nevis","2018","Preliminar","6"
"1954","Saint Kitts and Nevis","2019","Preliminar","46"
"1955","Saint Kitts and Nevis","2020","Preliminar","20"
"1956","Saint Kitts and Nevis","2021","Preliminar","0"
"1957","Saint Kitts and Nevis","2022","Preliminar","1"
"1958","Anguilla","1980","Final","0"
"1959","Anguilla","1981","Final","1"
"1960","Anguilla","1982","Final","0"
"1961","Anguilla","1983","Final","2"
"1962","Anguilla","1984","Final","0"
"1963","Anguilla","1985","Final","0"
"1964","Anguilla","1986","Final","0"
"1965","Anguilla","1987","Final","0"
"1966","Anguilla","1988","Final","0"
"1967","Anguilla","1989","Final","0"
"1968","Anguilla","1990","Final","12"
"1969","Anguilla","1991","Final","0"
"1970","Anguilla","1992","Final","0"
"1971","Anguilla","1993","Final","0"
"1972","Anguilla","1994","Final","0"
"1973","Anguilla","1995","Final","4"
"1974","Anguilla","1996","Final","1"
"1975","Anguilla","1997","Final","0"
"1976","Anguilla","1998","Final","0"
"1977","Anguilla","1999","Final","12"
"1978","Anguilla","2000","Final","3"
"1979","Anguilla","2001","Final","25"
"1980","Anguilla","2002","Final","5"
"1981","Anguilla","2003","Final","2"
"1982","Anguilla","2004","Final","0"
"1983","Anguilla","2005","Final","0"
"1984","Anguilla","2006","Final","0"
"1985","Anguilla","2007","Final","0"
"1986","Anguilla","2008","Final","7"
"1987","Anguilla","2009","Final","0"
"1988","Anguilla","2010","Final","1"
"1989","Anguilla","2011","Final","9"
"1990","Anguilla","2012","Final","7"
"1991","Anguilla","2013","Final","8"
"1992","Anguilla","2014","Preliminar","86"
"1993","Anguilla","2015","Preliminar","8"
"1994","French Guiana","2001","Final","2830"
"1995","French Guiana","2002","Final","280"
"1996","French Guiana","2003","Final","2178"
"1997","French Guiana","2004","Final","3147"
"1998","French Guiana","2005","Final","4365"
"1999","French Guiana","2006","Final","15904"
"2000","French Guiana","2007","Final","661"
"2001","French Guiana","2008","Final","460"
"2002","French Guiana","2009","Final","11328"
"2003","French Guiana","2010","Final","10488"
"2004","French Guiana","2011","Final","663"
"2005","French Guiana","2012","Final","662"
"2006","French Guiana","2013","Final","16263"
"2007","French Guiana","2014","Preliminar","1180"
"2008","French Guiana","2015","Preliminar","2603"
"2009","French Guiana","2016","Preliminar","522"
"2010","French Guiana","2017","Preliminar","625"
"2011","French Guiana","2018","Preliminar","240"
"2012","French Guiana","2019","Preliminar","250"
"2013","French Guiana","2020","Preliminar","8759"
"2014","French Guiana","2021","Preliminar","1756"
"2015","Grenada","1980","Final","0"
"2016","Grenada","1981","Final","0"
"2017","Grenada","1982","Final","0"
"2018","Grenada","1983","Final","0"
"2019","Grenada","1984","Final","0"
"2020","Grenada","1985","Final","0"
"2021","Grenada","1986","Final","0"
"2022","Grenada","1987","Final","0"
"2023","Grenada","1988","Final","0"
"2024","Grenada","1989","Final","1"
"2025","Grenada","1990","Final","3"
"2026","Grenada","1991","Final","1"
"2027","Grenada","1992","Final","1"
"2028","Grenada","1993","Final","1"
"2029","Grenada","1994","Final","0"
"2030","Grenada","1995","Final","73"
"2031","Grenada","1996","Final","6"
"2032","Grenada","1997","Final","22"
"2033","Anguilla","2016","Preliminar","50"
"2034","Anguilla","2017","Preliminar","22"
"2035","Anguilla","2018","Preliminar","1"
"2036","Anguilla","2019","Preliminar","6"
"2037","Anguilla","2020","Preliminar","6"
"2038","Saint Lucia","1980","Final","0"
"2039","Saint Lucia","1981","Final","0"
"2040","Saint Lucia","1982","Final","0"
"2041","Saint Lucia","1983","Final","0"
"2042","Saint Lucia","1984","Final","0"
"2043","Saint Lucia","1985","Final","0"
"2044","Saint Lucia","1986","Final","1"
"2045","Saint Lucia","1987","Final","0"
"2046","Saint Lucia","1988","Final","2"
"2047","Saint Lucia","1989","Final","4"
"2048","Saint Lucia","1990","Final","2"
"2049","Saint Lucia","1991","Final","4"
"2050","Saint Lucia","1992","Final","0"
"2051","Saint Lucia","1993","Final","0"
"2052","Saint Lucia","1994","Final","0"
"2053","Saint Lucia","1995","Final","52"
"2054","Saint Lucia","1996","Final","65"
"2055","Saint Lucia","1997","Final","11"
"2056","Saint Lucia","1998","Final","0"
"2057","Saint Lucia","1999","Final","3"
"2058","Saint Lucia","2000","Final","0"
"2059","Saint Lucia","2001","Final","292"
"2060","Saint Lucia","2002","Final","51"
"2061","Saint Lucia","2003","Final","5"
"2062","Saint Lucia","2004","Final","11"
"2063","Saint Lucia","2005","Final","1"
"2064","Saint Lucia","2006","Final","30"
"2065","Saint Lucia","2007","Final","39"
"2066","Saint Lucia","2008","Final","98"
"2067","Saint Lucia","2009","Final","18"
"2068","Saint Lucia","2010","Final","74"
"2069","Saint Lucia","2011","Final","757"
"2070","Saint Lucia","2012","Final","10"
"2071","Saint Lucia","2013","Final","234"
"2072","Saint Lucia","2014","Preliminar","167"
"2073","Grenada","1998","Final","4"
"2074","Grenada","1999","Final","85"
"2075","Grenada","2000","Final","27"
"2076","Grenada","2001","Final","12"
"2077","Grenada","2002","Final","81"
"2078","Grenada","2003","Final","17"
"2079","Grenada","2004","Final","7"
"2080","Grenada","2005","Final","0"
"2081","Grenada","2006","Final","22"
"2082","Grenada","2007","Final","0"
"2083","Grenada","2008","Final","6"
"2084","Grenada","2009","Final","23"
"2085","Grenada","2010","Final","145"
"2086","Grenada","2011","Final","86"
"2087","Grenada","2012","Final","68"
"2088","Grenada","2013","Final","155"
"2089","Grenada","2014","Preliminar","39"
"2090","Grenada","2015","Preliminar","25"
"2091","Grenada","2016","Preliminar","151"
"2092","Grenada","2017","Preliminar","239"
"2093","Grenada","2018","Preliminar","463"
"2094","Grenada","2019","Preliminar","106"
"2095","Grenada","2020","Preliminar","253"
"2096","Grenada","2021","Preliminar","230"
"2097","Grenada","2022","Preliminar","286"
"2098","Grenada","2023","Preliminar","35"
"2099","Guadeloupe","1980","Final","0"
"2100","Guadeloupe","1981","Final","0"
"2101","Guadeloupe","1982","Final","0"
"2102","Guadeloupe","1983","Final","0"
"2103","Guadeloupe","1984","Final","0"
"2104","Guadeloupe","1985","Final","0"
"2105","Guadeloupe","1986","Final","0"
"2106","Guadeloupe","1987","Final","0"
"2107","Guadeloupe","1988","Final","0"
"2108","Guadeloupe","1989","Final","0"
"2109","Guadeloupe","1990","Final","0"
"2110","Guadeloupe","1991","Final","0"
"2111","Guadeloupe","1992","Final","0"
"2112","Guadeloupe","1993","Final","0"
"2113","Guadeloupe","1994","Final","0"
"2114","Guadeloupe","1995","Final","149"
"2115","Saint Lucia","2015","Preliminar","25"
"2116","Saint Lucia","2016","Preliminar","196"
"2117","Saint Lucia","2017","Preliminar","66"
"2118","Saint Lucia","2018","Preliminar","90"
"2119","Saint Lucia","2019","Preliminar","20"
"2120","Saint Lucia","2020","Preliminar","1318"
"2121","Saint Lucia","2021","Preliminar","39"
"2122","Saint Lucia","2022","Preliminar","15"
"2123","Saint Lucia","2023","Preliminar","3"
"2124","Saint Martin","1980","Final","0"
"2125","Saint Martin","1981","Final","0"
"2126","Saint Martin","1982","Final","0"
"2127","Saint Martin","1983","Final","0"
"2128","Saint Martin","1984","Final","0"
"2129","Saint Martin","1985","Final","2"
"2130","Saint Martin","1986","Final","0"
"2131","Saint Martin","1987","Final","0"
"2132","Saint Martin","1988","Final","0"
"2133","Saint Martin","1989","Final","0"
"2134","Saint Martin","1990","Final","0"
"2135","Saint Martin","1991","Final","0"
"2136","Saint Martin","1992","Final","0"
"2137","Saint Martin","1993","Final","0"
"2138","Saint Martin","1994","Final","0"
"2139","Saint Martin","1995","Final","0"
"2140","Saint Martin","1996","Final","0"
"2141","Saint Martin","1997","Final","0"
"2142","Saint Martin","1998","Final","0"
"2143","Saint Martin","1999","Final","0"
"2144","Saint Martin","2000","Final","0"
"2145","Saint Martin","2001","Final","0"
"2146","Saint Martin","2002","Final","0"
"2147","Saint Martin","2003","Final","0"
"2148","Saint Martin","2004","Final","0"
"2149","Saint Martin","2005","Final","0"
"2150","Guadeloupe","1996","Final","186"
"2151","Guadeloupe","1997","Final","0"
"2152","Guadeloupe","1998","Final","0"
"2153","Guadeloupe","1999","Final","41"
"2154","Guadeloupe","2000","Final","59"
"2155","Guadeloupe","2001","Final","0"
"2156","Guadeloupe","2002","Final","93"
"2157","Guadeloupe","2003","Final","495"
"2158","Guadeloupe","2004","Final","0"
"2159","Guadeloupe","2005","Final","3358"
"2160","Guadeloupe","2006","Final","2942"
"2161","Guadeloupe","2007","Final","3162"
"2162","Guadeloupe","2008","Final","277"
"2163","Guadeloupe","2009","Final","2233"
"2164","Guadeloupe","2010","Final","40737"
"2165","Guadeloupe","2011","Final","101"
"2166","Guadeloupe","2012","Final","1088"
"2167","Guadeloupe","2013","Final","12706"
"2168","Guadeloupe","2014","Preliminar","1397"
"2169","Guadeloupe","2015","Preliminar","201"
"2170","Guadeloupe","2016","Preliminar","177"
"2171","Guadeloupe","2017","Preliminar","540"
"2172","Guadeloupe","2018","Preliminar","438"
"2173","Guadeloupe","2019","Preliminar","3230"
"2174","Guadeloupe","2020","Preliminar","19407"
"2175","Guadeloupe","2021","Preliminar","540"
"2176","Guadeloupe","2022","Preliminar","790"
"2177","Guadeloupe","2023","Preliminar","380"
"2178","Guatemala","1980","Final","30"
"2179","Guatemala","1981","Final","104"
"2180","Guatemala","1982","Final","33"
"2181","Guatemala","1983","Final","2"
"2182","Guatemala","1984","Final","0"
"2183","Guatemala","1985","Final","0"
"2184","Guatemala","1986","Final","0"
"2185","Guatemala","1987","Final","2318"
"2186","Guatemala","1988","Final","5175"
"2187","Guatemala","1989","Final","7448"
"2188","Guatemala","1990","Final","5757"
"2189","Guatemala","1991","Final","10968"
"2190","Saint Martin","2006","Final","0"
"2191","Saint Martin","2007","Final","0"
"2192","Saint Martin","2008","Final","0"
"2193","Saint Martin","2009","Final","1698"
"2194","Saint Martin","2010","Final","506"
"2195","Saint Martin","2011","Final","168"
"2196","Saint Martin","2012","Final","372"
"2197","Saint Martin","2013","Final","3095"
"2198","Saint Martin","2014","Preliminar","404"
"2199","Saint Martin","2015","Preliminar","436"
"2200","Saint Martin","2016","Preliminar","350"
"2201","Saint Martin","2017","Preliminar","197"
"2202","Saint Martin","2018","Preliminar","104"
"2203","Saint Martin","2019","Preliminar","260"
"2204","Saint Martin","2020","Preliminar","2736"
"2205","Saint Martin","2021","Preliminar","172"
"2206","Saint Martin","2022","Preliminar","35"
"2207","Saint Martin","2023","Preliminar","8"
"2208","Saint Vincent and the Grenadines","1980","Final","0"
"2209","Saint Vincent and the Grenadines","1981","Final","0"
"2210","Saint Vincent and the Grenadines","1982","Final","0"
"2211","Saint Vincent and the Grenadines","1983","Final","0"
"2212","Saint Vincent and the Grenadines","1984","Final","0"
"2213","Saint Vincent and the Grenadines","1985","Final","0"
"2214","Saint Vincent and the Grenadines","1986","Final","0"
"2215","Saint Vincent and the Grenadines","1987","Final","0"
"2216","Saint Vincent and the Grenadines","1988","Final","1"
"2217","Saint Vincent and the Grenadines","1989","Final","0"
"2218","Saint Vincent and the Grenadines","1990","Final","9"
"2219","Saint Vincent and the Grenadines","1991","Final","1"
"2220","Saint Vincent and the Grenadines","1992","Final","7"
